Source Plate Name	Source Well	Destination Plate Name	Destination Well	Transfer Volume	Sample ID
Source[1]	Mg-glutamate	Destination[1]	A1	123.80952380952381	Mg-glutamate
Source[1]	Mg-glutamate	Destination[1]	B1	0.0	Mg-glutamate
Source[1]	Mg-glutamate	Destination[1]	C1	0.0	Mg-glutamate
Source[1]	Mg-glutamate	Destination[1]	D1	619.047619047619	Mg-glutamate
Source[1]	Mg-glutamate	Destination[1]	E1	371.42857142857156	Mg-glutamate
Source[1]	Mg-glutamate	Destination[1]	F1	371.42857142857156	Mg-glutamate
Source[1]	Mg-glutamate	Destination[1]	G1	495.23809523809524	Mg-glutamate
Source[1]	Mg-glutamate	Destination[1]	H1	619.047619047619	Mg-glutamate
Source[1]	Mg-glutamate	Destination[1]	I1	495.23809523809524	Mg-glutamate
Source[1]	Mg-glutamate	Destination[1]	J1	619.047619047619	Mg-glutamate
Source[1]	Mg-glutamate	Destination[1]	K1	123.80952380952381	Mg-glutamate
Source[1]	Mg-glutamate	Destination[1]	L1	123.80952380952381	Mg-glutamate
Source[1]	Mg-glutamate	Destination[1]	M1	0.0	Mg-glutamate
Source[1]	Mg-glutamate	Destination[1]	N1	495.23809523809524	Mg-glutamate
Source[1]	Mg-glutamate	Destination[1]	O1	619.047619047619	Mg-glutamate
Source[1]	Mg-glutamate	Destination[1]	P1	619.047619047619	Mg-glutamate
Source[1]	Mg-glutamate	Destination[1]	A2	619.047619047619	Mg-glutamate
Source[1]	Mg-glutamate	Destination[1]	B2	371.42857142857156	Mg-glutamate
Source[1]	Mg-glutamate	Destination[1]	C2	619.047619047619	Mg-glutamate
Source[1]	Mg-glutamate	Destination[1]	D2	0.0	Mg-glutamate
Source[1]	Mg-glutamate	Destination[1]	E2	495.23809523809524	Mg-glutamate
Source[1]	Mg-glutamate	Destination[1]	F2	123.80952380952381	Mg-glutamate
Source[1]	Mg-glutamate	Destination[1]	G2	495.23809523809524	Mg-glutamate
Source[1]	Mg-glutamate	Destination[1]	H2	123.80952380952381	Mg-glutamate
Source[1]	Mg-glutamate	Destination[1]	I2	495.23809523809524	Mg-glutamate
Source[1]	Mg-glutamate	Destination[1]	J2	0.0	Mg-glutamate
Source[1]	Mg-glutamate	Destination[1]	K2	371.42857142857156	Mg-glutamate
Source[1]	Mg-glutamate	Destination[1]	L2	619.047619047619	Mg-glutamate
Source[1]	Mg-glutamate	Destination[1]	M2	495.23809523809524	Mg-glutamate
Source[1]	Mg-glutamate	Destination[1]	N2	0.0	Mg-glutamate
Source[1]	Mg-glutamate	Destination[1]	O2	371.42857142857156	Mg-glutamate
Source[1]	Mg-glutamate	Destination[1]	P2	371.42857142857156	Mg-glutamate
Source[1]	Mg-glutamate	Destination[1]	A3	495.23809523809524	Mg-glutamate
Source[1]	Mg-glutamate	Destination[1]	B3	495.23809523809524	Mg-glutamate
Source[1]	Mg-glutamate	Destination[1]	C3	371.42857142857156	Mg-glutamate
Source[1]	Mg-glutamate	Destination[1]	D3	0.0	Mg-glutamate
Source[1]	Mg-glutamate	Destination[1]	E3	123.80952380952381	Mg-glutamate
Source[1]	Mg-glutamate	Destination[1]	F3	619.047619047619	Mg-glutamate
Source[1]	Mg-glutamate	Destination[1]	G3	0.0	Mg-glutamate
Source[1]	Mg-glutamate	Destination[1]	H3	495.23809523809524	Mg-glutamate
Source[1]	Mg-glutamate	Destination[1]	I3	123.80952380952381	Mg-glutamate
Source[1]	Mg-glutamate	Destination[1]	J3	619.047619047619	Mg-glutamate
Source[1]	Mg-glutamate	Destination[1]	K3	123.80952380952381	Mg-glutamate
Source[1]	Mg-glutamate	Destination[1]	L3	371.42857142857156	Mg-glutamate
Source[1]	Mg-glutamate	Destination[1]	M3	123.80952380952381	Mg-glutamate
Source[1]	Mg-glutamate	Destination[1]	N3	123.80952380952381	Mg-glutamate
Source[1]	Mg-glutamate	Destination[1]	O3	123.80952380952381	Mg-glutamate
Source[1]	Mg-glutamate	Destination[1]	P3	0.0	Mg-glutamate
Source[1]	Mg-glutamate	Destination[1]	A4	495.23809523809524	Mg-glutamate
Source[1]	Mg-glutamate	Destination[1]	B4	371.42857142857156	Mg-glutamate
Source[1]	Mg-glutamate	Destination[1]	C4	495.23809523809524	Mg-glutamate
Source[1]	Mg-glutamate	Destination[1]	D4	0.0	Mg-glutamate
Source[1]	Mg-glutamate	Destination[1]	E4	371.42857142857156	Mg-glutamate
Source[1]	Mg-glutamate	Destination[1]	F4	619.047619047619	Mg-glutamate
Source[1]	Mg-glutamate	Destination[1]	G4	123.80952380952381	Mg-glutamate
Source[1]	Mg-glutamate	Destination[1]	H4	495.23809523809524	Mg-glutamate
Source[1]	Mg-glutamate	Destination[1]	I4	0.0	Mg-glutamate
Source[1]	Mg-glutamate	Destination[1]	J4	495.23809523809524	Mg-glutamate
Source[1]	Mg-glutamate	Destination[1]	K4	123.80952380952381	Mg-glutamate
Source[1]	Mg-glutamate	Destination[1]	L4	495.23809523809524	Mg-glutamate
Source[1]	Mg-glutamate	Destination[1]	M4	619.047619047619	Mg-glutamate
Source[1]	Mg-glutamate	Destination[1]	N4	619.047619047619	Mg-glutamate
Source[1]	Mg-glutamate	Destination[1]	O4	0.0	Mg-glutamate
Source[1]	Mg-glutamate	Destination[1]	P4	371.42857142857156	Mg-glutamate
Source[1]	Mg-glutamate	Destination[1]	A5	495.23809523809524	Mg-glutamate
Source[1]	Mg-glutamate	Destination[1]	B5	371.42857142857156	Mg-glutamate
Source[1]	Mg-glutamate	Destination[1]	C5	0.0	Mg-glutamate
Source[1]	Mg-glutamate	Destination[1]	D5	619.047619047619	Mg-glutamate
Source[1]	Mg-glutamate	Destination[1]	E5	123.80952380952381	Mg-glutamate
Source[1]	Mg-glutamate	Destination[1]	F5	123.80952380952381	Mg-glutamate
Source[1]	Mg-glutamate	Destination[1]	G5	123.80952380952381	Mg-glutamate
Source[1]	Mg-glutamate	Destination[1]	H5	0.0	Mg-glutamate
Source[1]	Mg-glutamate	Destination[1]	I5	495.23809523809524	Mg-glutamate
Source[1]	Mg-glutamate	Destination[1]	J5	495.23809523809524	Mg-glutamate
Source[1]	Mg-glutamate	Destination[1]	K5	123.80952380952381	Mg-glutamate
Source[1]	Mg-glutamate	Destination[1]	L5	619.047619047619	Mg-glutamate
Source[1]	Mg-glutamate	Destination[1]	M5	495.23809523809524	Mg-glutamate
Source[1]	Mg-glutamate	Destination[1]	N5	371.42857142857156	Mg-glutamate
Source[1]	Mg-glutamate	Destination[1]	O5	0.0	Mg-glutamate
Source[1]	Mg-glutamate	Destination[1]	P5	619.047619047619	Mg-glutamate
Source[1]	Mg-glutamate	Destination[1]	A6	371.42857142857156	Mg-glutamate
Source[1]	Mg-glutamate	Destination[1]	B6	123.80952380952381	Mg-glutamate
Source[1]	Mg-glutamate	Destination[1]	C6	371.42857142857156	Mg-glutamate
Source[1]	Mg-glutamate	Destination[1]	D6	495.23809523809524	Mg-glutamate
Source[1]	Mg-glutamate	Destination[1]	E6	371.42857142857156	Mg-glutamate
Source[1]	Mg-glutamate	Destination[1]	F6	0.0	Mg-glutamate
Source[1]	Mg-glutamate	Destination[1]	G6	0.0	Mg-glutamate
Source[1]	Mg-glutamate	Destination[1]	H6	619.047619047619	Mg-glutamate
Source[1]	Mg-glutamate	Destination[1]	I6	0.0	Mg-glutamate
Source[1]	Mg-glutamate	Destination[1]	J6	123.80952380952381	Mg-glutamate
Source[1]	Mg-glutamate	Destination[1]	K6	0.0	Mg-glutamate
Source[1]	Mg-glutamate	Destination[1]	L6	371.42857142857156	Mg-glutamate
Source[1]	Mg-glutamate	Destination[1]	M6	371.42857142857156	Mg-glutamate
Source[1]	Mg-glutamate	Destination[1]	N6	619.047619047619	Mg-glutamate
Source[1]	Mg-glutamate	Destination[1]	O6	619.047619047619	Mg-glutamate
Source[1]	Mg-glutamate	Destination[1]	P6	123.80952380952381	Mg-glutamate
Source[1]	Mg-glutamate	Destination[1]	A7	0.0	Mg-glutamate
Source[1]	Mg-glutamate	Destination[1]	B7	371.42857142857156	Mg-glutamate
Source[1]	Mg-glutamate	Destination[1]	C7	619.047619047619	Mg-glutamate
Source[1]	k-glutamate	Destination[1]	A1	1056.547619047619	k-glutamate
Source[1]	k-glutamate	Destination[1]	B1	845.2380952380952	k-glutamate
Source[1]	k-glutamate	Destination[1]	C1	0.0	k-glutamate
Source[1]	k-glutamate	Destination[1]	D1	211.3095238095238	k-glutamate
Source[1]	k-glutamate	Destination[1]	E1	1056.547619047619	k-glutamate
Source[1]	k-glutamate	Destination[1]	F1	633.9285714285716	k-glutamate
Source[1]	k-glutamate	Destination[1]	G1	211.3095238095238	k-glutamate
Source[1]	k-glutamate	Destination[1]	H1	0.0	k-glutamate
Source[1]	k-glutamate	Destination[1]	I1	1056.547619047619	k-glutamate
Source[1]	k-glutamate	Destination[1]	J1	845.2380952380952	k-glutamate
Source[1]	k-glutamate	Destination[1]	K1	633.9285714285716	k-glutamate
Source[1]	k-glutamate	Destination[1]	L1	1056.547619047619	k-glutamate
Source[1]	k-glutamate	Destination[1]	M1	1056.547619047619	k-glutamate
Source[1]	k-glutamate	Destination[1]	N1	1056.547619047619	k-glutamate
Source[1]	k-glutamate	Destination[1]	O1	1056.547619047619	k-glutamate
Source[1]	k-glutamate	Destination[1]	P1	633.9285714285716	k-glutamate
Source[1]	k-glutamate	Destination[1]	A2	633.9285714285716	k-glutamate
Source[1]	k-glutamate	Destination[1]	B2	633.9285714285716	k-glutamate
Source[1]	k-glutamate	Destination[1]	C2	1056.547619047619	k-glutamate
Source[1]	k-glutamate	Destination[1]	D2	0.0	k-glutamate
Source[1]	k-glutamate	Destination[1]	E2	633.9285714285716	k-glutamate
Source[1]	k-glutamate	Destination[1]	F2	845.2380952380952	k-glutamate
Source[1]	k-glutamate	Destination[1]	G2	211.3095238095238	k-glutamate
Source[1]	k-glutamate	Destination[1]	H2	211.3095238095238	k-glutamate
Source[1]	k-glutamate	Destination[1]	I2	845.2380952380952	k-glutamate
Source[1]	k-glutamate	Destination[1]	J2	0.0	k-glutamate
Source[1]	k-glutamate	Destination[1]	K2	211.3095238095238	k-glutamate
Source[1]	k-glutamate	Destination[1]	L2	211.3095238095238	k-glutamate
Source[1]	k-glutamate	Destination[1]	M2	633.9285714285716	k-glutamate
Source[1]	k-glutamate	Destination[1]	N2	1056.547619047619	k-glutamate
Source[1]	k-glutamate	Destination[1]	O2	633.9285714285716	k-glutamate
Source[1]	k-glutamate	Destination[1]	P2	211.3095238095238	k-glutamate
Source[1]	k-glutamate	Destination[1]	A3	211.3095238095238	k-glutamate
Source[1]	k-glutamate	Destination[1]	B3	845.2380952380952	k-glutamate
Source[1]	k-glutamate	Destination[1]	C3	0.0	k-glutamate
Source[1]	k-glutamate	Destination[1]	D3	845.2380952380952	k-glutamate
Source[1]	k-glutamate	Destination[1]	E3	0.0	k-glutamate
Source[1]	k-glutamate	Destination[1]	F3	633.9285714285716	k-glutamate
Source[1]	k-glutamate	Destination[1]	G3	1056.547619047619	k-glutamate
Source[1]	k-glutamate	Destination[1]	H3	1056.547619047619	k-glutamate
Source[1]	k-glutamate	Destination[1]	I3	0.0	k-glutamate
Source[1]	k-glutamate	Destination[1]	J3	211.3095238095238	k-glutamate
Source[1]	k-glutamate	Destination[1]	K3	845.2380952380952	k-glutamate
Source[1]	k-glutamate	Destination[1]	L3	633.9285714285716	k-glutamate
Source[1]	k-glutamate	Destination[1]	M3	0.0	k-glutamate
Source[1]	k-glutamate	Destination[1]	N3	1056.547619047619	k-glutamate
Source[1]	k-glutamate	Destination[1]	O3	0.0	k-glutamate
Source[1]	k-glutamate	Destination[1]	P3	0.0	k-glutamate
Source[1]	k-glutamate	Destination[1]	A4	633.9285714285716	k-glutamate
Source[1]	k-glutamate	Destination[1]	B4	1056.547619047619	k-glutamate
Source[1]	k-glutamate	Destination[1]	C4	0.0	k-glutamate
Source[1]	k-glutamate	Destination[1]	D4	633.9285714285716	k-glutamate
Source[1]	k-glutamate	Destination[1]	E4	1056.547619047619	k-glutamate
Source[1]	k-glutamate	Destination[1]	F4	0.0	k-glutamate
Source[1]	k-glutamate	Destination[1]	G4	845.2380952380952	k-glutamate
Source[1]	k-glutamate	Destination[1]	H4	845.2380952380952	k-glutamate
Source[1]	k-glutamate	Destination[1]	I4	633.9285714285716	k-glutamate
Source[1]	k-glutamate	Destination[1]	J4	845.2380952380952	k-glutamate
Source[1]	k-glutamate	Destination[1]	K4	1056.547619047619	k-glutamate
Source[1]	k-glutamate	Destination[1]	L4	211.3095238095238	k-glutamate
Source[1]	k-glutamate	Destination[1]	M4	211.3095238095238	k-glutamate
Source[1]	k-glutamate	Destination[1]	N4	0.0	k-glutamate
Source[1]	k-glutamate	Destination[1]	O4	845.2380952380952	k-glutamate
Source[1]	k-glutamate	Destination[1]	P4	845.2380952380952	k-glutamate
Source[1]	k-glutamate	Destination[1]	A5	845.2380952380952	k-glutamate
Source[1]	k-glutamate	Destination[1]	B5	845.2380952380952	k-glutamate
Source[1]	k-glutamate	Destination[1]	C5	845.2380952380952	k-glutamate
Source[1]	k-glutamate	Destination[1]	D5	633.9285714285716	k-glutamate
Source[1]	k-glutamate	Destination[1]	E5	633.9285714285716	k-glutamate
Source[1]	k-glutamate	Destination[1]	F5	845.2380952380952	k-glutamate
Source[1]	k-glutamate	Destination[1]	G5	1056.547619047619	k-glutamate
Source[1]	k-glutamate	Destination[1]	H5	0.0	k-glutamate
Source[1]	k-glutamate	Destination[1]	I5	633.9285714285716	k-glutamate
Source[1]	k-glutamate	Destination[1]	J5	1056.547619047619	k-glutamate
Source[1]	k-glutamate	Destination[1]	K5	633.9285714285716	k-glutamate
Source[1]	k-glutamate	Destination[1]	L5	0.0	k-glutamate
Source[1]	k-glutamate	Destination[1]	M5	633.9285714285716	k-glutamate
Source[1]	k-glutamate	Destination[1]	N5	211.3095238095238	k-glutamate
Source[1]	k-glutamate	Destination[1]	O5	0.0	k-glutamate
Source[1]	k-glutamate	Destination[1]	P5	211.3095238095238	k-glutamate
Source[1]	k-glutamate	Destination[1]	A6	845.2380952380952	k-glutamate
Source[1]	k-glutamate	Destination[1]	B6	211.3095238095238	k-glutamate
Source[1]	k-glutamate	Destination[1]	C6	0.0	k-glutamate
Source[1]	k-glutamate	Destination[1]	D6	1056.547619047619	k-glutamate
Source[1]	k-glutamate	Destination[1]	E6	1056.547619047619	k-glutamate
Source[1]	k-glutamate	Destination[1]	F6	633.9285714285716	k-glutamate
Source[1]	k-glutamate	Destination[1]	G6	0.0	k-glutamate
Source[1]	k-glutamate	Destination[1]	H6	0.0	k-glutamate
Source[1]	k-glutamate	Destination[1]	I6	211.3095238095238	k-glutamate
Source[1]	k-glutamate	Destination[1]	J6	211.3095238095238	k-glutamate
Source[1]	k-glutamate	Destination[1]	K6	845.2380952380952	k-glutamate
Source[1]	k-glutamate	Destination[1]	L6	0.0	k-glutamate
Source[1]	k-glutamate	Destination[1]	M6	211.3095238095238	k-glutamate
Source[1]	k-glutamate	Destination[1]	N6	211.3095238095238	k-glutamate
Source[1]	k-glutamate	Destination[1]	O6	211.3095238095238	k-glutamate
Source[1]	k-glutamate	Destination[1]	P6	845.2380952380952	k-glutamate
Source[1]	k-glutamate	Destination[1]	A7	211.3095238095238	k-glutamate
Source[1]	k-glutamate	Destination[1]	B7	845.2380952380952	k-glutamate
Source[1]	k-glutamate	Destination[1]	C7	1056.547619047619	k-glutamate
Source[1]	Sodium oxalate	Destination[1]	A1	100.0	Sodium oxalate
Source[1]	Sodium oxalate	Destination[1]	B1	20.0	Sodium oxalate
Source[1]	Sodium oxalate	Destination[1]	C1	80.0	Sodium oxalate
Source[1]	Sodium oxalate	Destination[1]	D1	100.0	Sodium oxalate
Source[1]	Sodium oxalate	Destination[1]	E1	100.0	Sodium oxalate
Source[1]	Sodium oxalate	Destination[1]	F1	60.00000000000001	Sodium oxalate
Source[1]	Sodium oxalate	Destination[1]	G1	80.0	Sodium oxalate
Source[1]	Sodium oxalate	Destination[1]	H1	100.0	Sodium oxalate
Source[1]	Sodium oxalate	Destination[1]	I1	20.0	Sodium oxalate
Source[1]	Sodium oxalate	Destination[1]	J1	60.00000000000001	Sodium oxalate
Source[1]	Sodium oxalate	Destination[1]	K1	0.0	Sodium oxalate
Source[1]	Sodium oxalate	Destination[1]	L1	80.0	Sodium oxalate
Source[1]	Sodium oxalate	Destination[1]	M1	100.0	Sodium oxalate
Source[1]	Sodium oxalate	Destination[1]	N1	80.0	Sodium oxalate
Source[1]	Sodium oxalate	Destination[1]	O1	0.0	Sodium oxalate
Source[1]	Sodium oxalate	Destination[1]	P1	0.0	Sodium oxalate
Source[1]	Sodium oxalate	Destination[1]	A2	20.0	Sodium oxalate
Source[1]	Sodium oxalate	Destination[1]	B2	80.0	Sodium oxalate
Source[1]	Sodium oxalate	Destination[1]	C2	80.0	Sodium oxalate
Source[1]	Sodium oxalate	Destination[1]	D2	100.0	Sodium oxalate
Source[1]	Sodium oxalate	Destination[1]	E2	20.0	Sodium oxalate
Source[1]	Sodium oxalate	Destination[1]	F2	0.0	Sodium oxalate
Source[1]	Sodium oxalate	Destination[1]	G2	100.0	Sodium oxalate
Source[1]	Sodium oxalate	Destination[1]	H2	100.0	Sodium oxalate
Source[1]	Sodium oxalate	Destination[1]	I2	60.00000000000001	Sodium oxalate
Source[1]	Sodium oxalate	Destination[1]	J2	20.0	Sodium oxalate
Source[1]	Sodium oxalate	Destination[1]	K2	20.0	Sodium oxalate
Source[1]	Sodium oxalate	Destination[1]	L2	100.0	Sodium oxalate
Source[1]	Sodium oxalate	Destination[1]	M2	0.0	Sodium oxalate
Source[1]	Sodium oxalate	Destination[1]	N2	20.0	Sodium oxalate
Source[1]	Sodium oxalate	Destination[1]	O2	80.0	Sodium oxalate
Source[1]	Sodium oxalate	Destination[1]	P2	60.00000000000001	Sodium oxalate
Source[1]	Sodium oxalate	Destination[1]	A3	0.0	Sodium oxalate
Source[1]	Sodium oxalate	Destination[1]	B3	60.00000000000001	Sodium oxalate
Source[1]	Sodium oxalate	Destination[1]	C3	60.00000000000001	Sodium oxalate
Source[1]	Sodium oxalate	Destination[1]	D3	0.0	Sodium oxalate
Source[1]	Sodium oxalate	Destination[1]	E3	0.0	Sodium oxalate
Source[1]	Sodium oxalate	Destination[1]	F3	60.00000000000001	Sodium oxalate
Source[1]	Sodium oxalate	Destination[1]	G3	80.0	Sodium oxalate
Source[1]	Sodium oxalate	Destination[1]	H3	100.0	Sodium oxalate
Source[1]	Sodium oxalate	Destination[1]	I3	80.0	Sodium oxalate
Source[1]	Sodium oxalate	Destination[1]	J3	100.0	Sodium oxalate
Source[1]	Sodium oxalate	Destination[1]	K3	0.0	Sodium oxalate
Source[1]	Sodium oxalate	Destination[1]	L3	0.0	Sodium oxalate
Source[1]	Sodium oxalate	Destination[1]	M3	0.0	Sodium oxalate
Source[1]	Sodium oxalate	Destination[1]	N3	20.0	Sodium oxalate
Source[1]	Sodium oxalate	Destination[1]	O3	80.0	Sodium oxalate
Source[1]	Sodium oxalate	Destination[1]	P3	60.00000000000001	Sodium oxalate
Source[1]	Sodium oxalate	Destination[1]	A4	60.00000000000001	Sodium oxalate
Source[1]	Sodium oxalate	Destination[1]	B4	80.0	Sodium oxalate
Source[1]	Sodium oxalate	Destination[1]	C4	60.00000000000001	Sodium oxalate
Source[1]	Sodium oxalate	Destination[1]	D4	100.0	Sodium oxalate
Source[1]	Sodium oxalate	Destination[1]	E4	0.0	Sodium oxalate
Source[1]	Sodium oxalate	Destination[1]	F4	80.0	Sodium oxalate
Source[1]	Sodium oxalate	Destination[1]	G4	20.0	Sodium oxalate
Source[1]	Sodium oxalate	Destination[1]	H4	80.0	Sodium oxalate
Source[1]	Sodium oxalate	Destination[1]	I4	0.0	Sodium oxalate
Source[1]	Sodium oxalate	Destination[1]	J4	100.0	Sodium oxalate
Source[1]	Sodium oxalate	Destination[1]	K4	100.0	Sodium oxalate
Source[1]	Sodium oxalate	Destination[1]	L4	80.0	Sodium oxalate
Source[1]	Sodium oxalate	Destination[1]	M4	60.00000000000001	Sodium oxalate
Source[1]	Sodium oxalate	Destination[1]	N4	60.00000000000001	Sodium oxalate
Source[1]	Sodium oxalate	Destination[1]	O4	100.0	Sodium oxalate
Source[1]	Sodium oxalate	Destination[1]	P4	60.00000000000001	Sodium oxalate
Source[1]	Sodium oxalate	Destination[1]	A5	80.0	Sodium oxalate
Source[1]	Sodium oxalate	Destination[1]	B5	80.0	Sodium oxalate
Source[1]	Sodium oxalate	Destination[1]	C5	20.0	Sodium oxalate
Source[1]	Sodium oxalate	Destination[1]	D5	80.0	Sodium oxalate
Source[1]	Sodium oxalate	Destination[1]	E5	0.0	Sodium oxalate
Source[1]	Sodium oxalate	Destination[1]	F5	20.0	Sodium oxalate
Source[1]	Sodium oxalate	Destination[1]	G5	20.0	Sodium oxalate
Source[1]	Sodium oxalate	Destination[1]	H5	60.00000000000001	Sodium oxalate
Source[1]	Sodium oxalate	Destination[1]	I5	20.0	Sodium oxalate
Source[1]	Sodium oxalate	Destination[1]	J5	80.0	Sodium oxalate
Source[1]	Sodium oxalate	Destination[1]	K5	0.0	Sodium oxalate
Source[1]	Sodium oxalate	Destination[1]	L5	100.0	Sodium oxalate
Source[1]	Sodium oxalate	Destination[1]	M5	60.00000000000001	Sodium oxalate
Source[1]	Sodium oxalate	Destination[1]	N5	20.0	Sodium oxalate
Source[1]	Sodium oxalate	Destination[1]	O5	20.0	Sodium oxalate
Source[1]	Sodium oxalate	Destination[1]	P5	20.0	Sodium oxalate
Source[1]	Sodium oxalate	Destination[1]	A6	100.0	Sodium oxalate
Source[1]	Sodium oxalate	Destination[1]	B6	100.0	Sodium oxalate
Source[1]	Sodium oxalate	Destination[1]	C6	60.00000000000001	Sodium oxalate
Source[1]	Sodium oxalate	Destination[1]	D6	60.00000000000001	Sodium oxalate
Source[1]	Sodium oxalate	Destination[1]	E6	0.0	Sodium oxalate
Source[1]	Sodium oxalate	Destination[1]	F6	60.00000000000001	Sodium oxalate
Source[1]	Sodium oxalate	Destination[1]	G6	80.0	Sodium oxalate
Source[1]	Sodium oxalate	Destination[1]	H6	0.0	Sodium oxalate
Source[1]	Sodium oxalate	Destination[1]	I6	20.0	Sodium oxalate
Source[1]	Sodium oxalate	Destination[1]	J6	100.0	Sodium oxalate
Source[1]	Sodium oxalate	Destination[1]	K6	20.0	Sodium oxalate
Source[1]	Sodium oxalate	Destination[1]	L6	0.0	Sodium oxalate
Source[1]	Sodium oxalate	Destination[1]	M6	80.0	Sodium oxalate
Source[1]	Sodium oxalate	Destination[1]	N6	20.0	Sodium oxalate
Source[1]	Sodium oxalate	Destination[1]	O6	100.0	Sodium oxalate
Source[1]	Sodium oxalate	Destination[1]	P6	60.00000000000001	Sodium oxalate
Source[1]	Sodium oxalate	Destination[1]	A7	20.0	Sodium oxalate
Source[1]	Sodium oxalate	Destination[1]	B7	0.0	Sodium oxalate
Source[1]	Sodium oxalate	Destination[1]	C7	0.0	Sodium oxalate
Source[1]	3-PGA	Destination[1]	A1	42.857142857142854	3-PGA
Source[1]	3-PGA	Destination[1]	B1	171.42857142857142	3-PGA
Source[1]	3-PGA	Destination[1]	C1	0.0	3-PGA
Source[1]	3-PGA	Destination[1]	D1	128.57142857142858	3-PGA
Source[1]	3-PGA	Destination[1]	E1	0.0	3-PGA
Source[1]	3-PGA	Destination[1]	F1	214.2857142857143	3-PGA
Source[1]	3-PGA	Destination[1]	G1	0.0	3-PGA
Source[1]	3-PGA	Destination[1]	H1	128.57142857142858	3-PGA
Source[1]	3-PGA	Destination[1]	I1	42.857142857142854	3-PGA
Source[1]	3-PGA	Destination[1]	J1	0.0	3-PGA
Source[1]	3-PGA	Destination[1]	K1	0.0	3-PGA
Source[1]	3-PGA	Destination[1]	L1	214.2857142857143	3-PGA
Source[1]	3-PGA	Destination[1]	M1	171.42857142857142	3-PGA
Source[1]	3-PGA	Destination[1]	N1	128.57142857142858	3-PGA
Source[1]	3-PGA	Destination[1]	O1	128.57142857142858	3-PGA
Source[1]	3-PGA	Destination[1]	P1	214.2857142857143	3-PGA
Source[1]	3-PGA	Destination[1]	A2	214.2857142857143	3-PGA
Source[1]	3-PGA	Destination[1]	B2	128.57142857142858	3-PGA
Source[1]	3-PGA	Destination[1]	C2	128.57142857142858	3-PGA
Source[1]	3-PGA	Destination[1]	D2	42.857142857142854	3-PGA
Source[1]	3-PGA	Destination[1]	E2	128.57142857142858	3-PGA
Source[1]	3-PGA	Destination[1]	F2	214.2857142857143	3-PGA
Source[1]	3-PGA	Destination[1]	G2	214.2857142857143	3-PGA
Source[1]	3-PGA	Destination[1]	H2	214.2857142857143	3-PGA
Source[1]	3-PGA	Destination[1]	I2	42.857142857142854	3-PGA
Source[1]	3-PGA	Destination[1]	J2	171.42857142857142	3-PGA
Source[1]	3-PGA	Destination[1]	K2	42.857142857142854	3-PGA
Source[1]	3-PGA	Destination[1]	L2	214.2857142857143	3-PGA
Source[1]	3-PGA	Destination[1]	M2	171.42857142857142	3-PGA
Source[1]	3-PGA	Destination[1]	N2	171.42857142857142	3-PGA
Source[1]	3-PGA	Destination[1]	O2	171.42857142857142	3-PGA
Source[1]	3-PGA	Destination[1]	P2	171.42857142857142	3-PGA
Source[1]	3-PGA	Destination[1]	A3	0.0	3-PGA
Source[1]	3-PGA	Destination[1]	B3	128.57142857142858	3-PGA
Source[1]	3-PGA	Destination[1]	C3	42.857142857142854	3-PGA
Source[1]	3-PGA	Destination[1]	D3	171.42857142857142	3-PGA
Source[1]	3-PGA	Destination[1]	E3	171.42857142857142	3-PGA
Source[1]	3-PGA	Destination[1]	F3	42.857142857142854	3-PGA
Source[1]	3-PGA	Destination[1]	G3	171.42857142857142	3-PGA
Source[1]	3-PGA	Destination[1]	H3	128.57142857142858	3-PGA
Source[1]	3-PGA	Destination[1]	I3	171.42857142857142	3-PGA
Source[1]	3-PGA	Destination[1]	J3	0.0	3-PGA
Source[1]	3-PGA	Destination[1]	K3	128.57142857142858	3-PGA
Source[1]	3-PGA	Destination[1]	L3	0.0	3-PGA
Source[1]	3-PGA	Destination[1]	M3	171.42857142857142	3-PGA
Source[1]	3-PGA	Destination[1]	N3	214.2857142857143	3-PGA
Source[1]	3-PGA	Destination[1]	O3	0.0	3-PGA
Source[1]	3-PGA	Destination[1]	P3	128.57142857142858	3-PGA
Source[1]	3-PGA	Destination[1]	A4	171.42857142857142	3-PGA
Source[1]	3-PGA	Destination[1]	B4	42.857142857142854	3-PGA
Source[1]	3-PGA	Destination[1]	C4	42.857142857142854	3-PGA
Source[1]	3-PGA	Destination[1]	D4	128.57142857142858	3-PGA
Source[1]	3-PGA	Destination[1]	E4	0.0	3-PGA
Source[1]	3-PGA	Destination[1]	F4	214.2857142857143	3-PGA
Source[1]	3-PGA	Destination[1]	G4	214.2857142857143	3-PGA
Source[1]	3-PGA	Destination[1]	H4	42.857142857142854	3-PGA
Source[1]	3-PGA	Destination[1]	I4	214.2857142857143	3-PGA
Source[1]	3-PGA	Destination[1]	J4	0.0	3-PGA
Source[1]	3-PGA	Destination[1]	K4	42.857142857142854	3-PGA
Source[1]	3-PGA	Destination[1]	L4	42.857142857142854	3-PGA
Source[1]	3-PGA	Destination[1]	M4	42.857142857142854	3-PGA
Source[1]	3-PGA	Destination[1]	N4	0.0	3-PGA
Source[1]	3-PGA	Destination[1]	O4	214.2857142857143	3-PGA
Source[1]	3-PGA	Destination[1]	P4	0.0	3-PGA
Source[1]	3-PGA	Destination[1]	A5	42.857142857142854	3-PGA
Source[1]	3-PGA	Destination[1]	B5	42.857142857142854	3-PGA
Source[1]	3-PGA	Destination[1]	C5	128.57142857142858	3-PGA
Source[1]	3-PGA	Destination[1]	D5	214.2857142857143	3-PGA
Source[1]	3-PGA	Destination[1]	E5	42.857142857142854	3-PGA
Source[1]	3-PGA	Destination[1]	F5	42.857142857142854	3-PGA
Source[1]	3-PGA	Destination[1]	G5	0.0	3-PGA
Source[1]	3-PGA	Destination[1]	H5	128.57142857142858	3-PGA
Source[1]	3-PGA	Destination[1]	I5	42.857142857142854	3-PGA
Source[1]	3-PGA	Destination[1]	J5	128.57142857142858	3-PGA
Source[1]	3-PGA	Destination[1]	K5	171.42857142857142	3-PGA
Source[1]	3-PGA	Destination[1]	L5	171.42857142857142	3-PGA
Source[1]	3-PGA	Destination[1]	M5	214.2857142857143	3-PGA
Source[1]	3-PGA	Destination[1]	N5	214.2857142857143	3-PGA
Source[1]	3-PGA	Destination[1]	O5	171.42857142857142	3-PGA
Source[1]	3-PGA	Destination[1]	P5	0.0	3-PGA
Source[1]	3-PGA	Destination[1]	A6	42.857142857142854	3-PGA
Source[1]	3-PGA	Destination[1]	B6	128.57142857142858	3-PGA
Source[1]	3-PGA	Destination[1]	C6	214.2857142857143	3-PGA
Source[1]	3-PGA	Destination[1]	D6	214.2857142857143	3-PGA
Source[1]	3-PGA	Destination[1]	E6	171.42857142857142	3-PGA
Source[1]	3-PGA	Destination[1]	F6	171.42857142857142	3-PGA
Source[1]	3-PGA	Destination[1]	G6	128.57142857142858	3-PGA
Source[1]	3-PGA	Destination[1]	H6	0.0	3-PGA
Source[1]	3-PGA	Destination[1]	I6	0.0	3-PGA
Source[1]	3-PGA	Destination[1]	J6	128.57142857142858	3-PGA
Source[1]	3-PGA	Destination[1]	K6	171.42857142857142	3-PGA
Source[1]	3-PGA	Destination[1]	L6	0.0	3-PGA
Source[1]	3-PGA	Destination[1]	M6	214.2857142857143	3-PGA
Source[1]	3-PGA	Destination[1]	N6	0.0	3-PGA
Source[1]	3-PGA	Destination[1]	O6	171.42857142857142	3-PGA
Source[1]	3-PGA	Destination[1]	P6	0.0	3-PGA
Source[1]	3-PGA	Destination[1]	A7	42.857142857142854	3-PGA
Source[1]	3-PGA	Destination[1]	B7	128.57142857142858	3-PGA
Source[1]	3-PGA	Destination[1]	C7	214.2857142857143	3-PGA
Source[1]	NTP	Destination[1]	A1	23.809523809523814	NTP
Source[1]	NTP	Destination[1]	B1	14.285714285714288	NTP
Source[1]	NTP	Destination[1]	C1	23.809523809523814	NTP
Source[1]	NTP	Destination[1]	D1	0.0	NTP
Source[1]	NTP	Destination[1]	E1	0.0	NTP
Source[1]	NTP	Destination[1]	F1	19.04761904761905	NTP
Source[1]	NTP	Destination[1]	G1	4.761904761904762	NTP
Source[1]	NTP	Destination[1]	H1	14.285714285714288	NTP
Source[1]	NTP	Destination[1]	I1	0.0	NTP
Source[1]	NTP	Destination[1]	J1	19.04761904761905	NTP
Source[1]	NTP	Destination[1]	K1	19.04761904761905	NTP
Source[1]	NTP	Destination[1]	L1	19.04761904761905	NTP
Source[1]	NTP	Destination[1]	M1	23.809523809523814	NTP
Source[1]	NTP	Destination[1]	N1	0.0	NTP
Source[1]	NTP	Destination[1]	O1	14.285714285714288	NTP
Source[1]	NTP	Destination[1]	P1	23.809523809523814	NTP
Source[1]	NTP	Destination[1]	A2	14.285714285714288	NTP
Source[1]	NTP	Destination[1]	B2	14.285714285714288	NTP
Source[1]	NTP	Destination[1]	C2	23.809523809523814	NTP
Source[1]	NTP	Destination[1]	D2	0.0	NTP
Source[1]	NTP	Destination[1]	E2	4.761904761904762	NTP
Source[1]	NTP	Destination[1]	F2	0.0	NTP
Source[1]	NTP	Destination[1]	G2	14.285714285714288	NTP
Source[1]	NTP	Destination[1]	H2	4.761904761904762	NTP
Source[1]	NTP	Destination[1]	I2	0.0	NTP
Source[1]	NTP	Destination[1]	J2	23.809523809523814	NTP
Source[1]	NTP	Destination[1]	K2	14.285714285714288	NTP
Source[1]	NTP	Destination[1]	L2	4.761904761904762	NTP
Source[1]	NTP	Destination[1]	M2	19.04761904761905	NTP
Source[1]	NTP	Destination[1]	N2	23.809523809523814	NTP
Source[1]	NTP	Destination[1]	O2	19.04761904761905	NTP
Source[1]	NTP	Destination[1]	P2	0.0	NTP
Source[1]	NTP	Destination[1]	A3	0.0	NTP
Source[1]	NTP	Destination[1]	B3	23.809523809523814	NTP
Source[1]	NTP	Destination[1]	C3	19.04761904761905	NTP
Source[1]	NTP	Destination[1]	D3	19.04761904761905	NTP
Source[1]	NTP	Destination[1]	E3	19.04761904761905	NTP
Source[1]	NTP	Destination[1]	F3	4.761904761904762	NTP
Source[1]	NTP	Destination[1]	G3	0.0	NTP
Source[1]	NTP	Destination[1]	H3	14.285714285714288	NTP
Source[1]	NTP	Destination[1]	I3	0.0	NTP
Source[1]	NTP	Destination[1]	J3	4.761904761904762	NTP
Source[1]	NTP	Destination[1]	K3	19.04761904761905	NTP
Source[1]	NTP	Destination[1]	L3	23.809523809523814	NTP
Source[1]	NTP	Destination[1]	M3	19.04761904761905	NTP
Source[1]	NTP	Destination[1]	N3	23.809523809523814	NTP
Source[1]	NTP	Destination[1]	O3	4.761904761904762	NTP
Source[1]	NTP	Destination[1]	P3	14.285714285714288	NTP
Source[1]	NTP	Destination[1]	A4	14.285714285714288	NTP
Source[1]	NTP	Destination[1]	B4	19.04761904761905	NTP
Source[1]	NTP	Destination[1]	C4	4.761904761904762	NTP
Source[1]	NTP	Destination[1]	D4	0.0	NTP
Source[1]	NTP	Destination[1]	E4	0.0	NTP
Source[1]	NTP	Destination[1]	F4	0.0	NTP
Source[1]	NTP	Destination[1]	G4	19.04761904761905	NTP
Source[1]	NTP	Destination[1]	H4	0.0	NTP
Source[1]	NTP	Destination[1]	I4	4.761904761904762	NTP
Source[1]	NTP	Destination[1]	J4	19.04761904761905	NTP
Source[1]	NTP	Destination[1]	K4	14.285714285714288	NTP
Source[1]	NTP	Destination[1]	L4	23.809523809523814	NTP
Source[1]	NTP	Destination[1]	M4	19.04761904761905	NTP
Source[1]	NTP	Destination[1]	N4	19.04761904761905	NTP
Source[1]	NTP	Destination[1]	O4	14.285714285714288	NTP
Source[1]	NTP	Destination[1]	P4	4.761904761904762	NTP
Source[1]	NTP	Destination[1]	A5	23.809523809523814	NTP
Source[1]	NTP	Destination[1]	B5	0.0	NTP
Source[1]	NTP	Destination[1]	C5	4.761904761904762	NTP
Source[1]	NTP	Destination[1]	D5	19.04761904761905	NTP
Source[1]	NTP	Destination[1]	E5	23.809523809523814	NTP
Source[1]	NTP	Destination[1]	F5	4.761904761904762	NTP
Source[1]	NTP	Destination[1]	G5	19.04761904761905	NTP
Source[1]	NTP	Destination[1]	H5	4.761904761904762	NTP
Source[1]	NTP	Destination[1]	I5	14.285714285714288	NTP
Source[1]	NTP	Destination[1]	J5	19.04761904761905	NTP
Source[1]	NTP	Destination[1]	K5	23.809523809523814	NTP
Source[1]	NTP	Destination[1]	L5	14.285714285714288	NTP
Source[1]	NTP	Destination[1]	M5	23.809523809523814	NTP
Source[1]	NTP	Destination[1]	N5	14.285714285714288	NTP
Source[1]	NTP	Destination[1]	O5	14.285714285714288	NTP
Source[1]	NTP	Destination[1]	P5	19.04761904761905	NTP
Source[1]	NTP	Destination[1]	A6	4.761904761904762	NTP
Source[1]	NTP	Destination[1]	B6	0.0	NTP
Source[1]	NTP	Destination[1]	C6	4.761904761904762	NTP
Source[1]	NTP	Destination[1]	D6	4.761904761904762	NTP
Source[1]	NTP	Destination[1]	E6	4.761904761904762	NTP
Source[1]	NTP	Destination[1]	F6	14.285714285714288	NTP
Source[1]	NTP	Destination[1]	G6	4.761904761904762	NTP
Source[1]	NTP	Destination[1]	H6	23.809523809523814	NTP
Source[1]	NTP	Destination[1]	I6	23.809523809523814	NTP
Source[1]	NTP	Destination[1]	J6	0.0	NTP
Source[1]	NTP	Destination[1]	K6	4.761904761904762	NTP
Source[1]	NTP	Destination[1]	L6	4.761904761904762	NTP
Source[1]	NTP	Destination[1]	M6	0.0	NTP
Source[1]	NTP	Destination[1]	N6	0.0	NTP
Source[1]	NTP	Destination[1]	O6	14.285714285714288	NTP
Source[1]	NTP	Destination[1]	P6	14.285714285714288	NTP
Source[1]	NTP	Destination[1]	A7	23.809523809523814	NTP
Source[1]	NTP	Destination[1]	B7	23.809523809523814	NTP
Source[1]	NTP	Destination[1]	C7	23.809523809523814	NTP
Source[1]	NAD	Destination[1]	A1	432.90043290043286	NAD
Source[1]	NAD	Destination[1]	B1	2164.5021645021643	NAD
Source[1]	NAD	Destination[1]	C1	2164.5021645021643	NAD
Source[1]	NAD	Destination[1]	D1	432.90043290043286	NAD
Source[1]	NAD	Destination[1]	E1	0.0	NAD
Source[1]	NAD	Destination[1]	F1	1731.6017316017314	NAD
Source[1]	NAD	Destination[1]	G1	432.90043290043286	NAD
Source[1]	NAD	Destination[1]	H1	1731.6017316017314	NAD
Source[1]	NAD	Destination[1]	I1	2164.5021645021643	NAD
Source[1]	NAD	Destination[1]	J1	1731.6017316017314	NAD
Source[1]	NAD	Destination[1]	K1	1731.6017316017314	NAD
Source[1]	NAD	Destination[1]	L1	0.0	NAD
Source[1]	NAD	Destination[1]	M1	1298.7012987012988	NAD
Source[1]	NAD	Destination[1]	N1	2164.5021645021643	NAD
Source[1]	NAD	Destination[1]	O1	1298.7012987012988	NAD
Source[1]	NAD	Destination[1]	P1	1298.7012987012988	NAD
Source[1]	NAD	Destination[1]	A2	432.90043290043286	NAD
Source[1]	NAD	Destination[1]	B2	1731.6017316017314	NAD
Source[1]	NAD	Destination[1]	C2	1298.7012987012988	NAD
Source[1]	NAD	Destination[1]	D2	1298.7012987012988	NAD
Source[1]	NAD	Destination[1]	E2	0.0	NAD
Source[1]	NAD	Destination[1]	F2	432.90043290043286	NAD
Source[1]	NAD	Destination[1]	G2	1298.7012987012988	NAD
Source[1]	NAD	Destination[1]	H2	0.0	NAD
Source[1]	NAD	Destination[1]	I2	2164.5021645021643	NAD
Source[1]	NAD	Destination[1]	J2	0.0	NAD
Source[1]	NAD	Destination[1]	K2	432.90043290043286	NAD
Source[1]	NAD	Destination[1]	L2	1731.6017316017314	NAD
Source[1]	NAD	Destination[1]	M2	2164.5021645021643	NAD
Source[1]	NAD	Destination[1]	N2	432.90043290043286	NAD
Source[1]	NAD	Destination[1]	O2	1731.6017316017314	NAD
Source[1]	NAD	Destination[1]	P2	1731.6017316017314	NAD
Source[1]	NAD	Destination[1]	A3	1298.7012987012988	NAD
Source[1]	NAD	Destination[1]	B3	1731.6017316017314	NAD
Source[1]	NAD	Destination[1]	C3	432.90043290043286	NAD
Source[1]	NAD	Destination[1]	D3	0.0	NAD
Source[1]	NAD	Destination[1]	E3	0.0	NAD
Source[1]	NAD	Destination[1]	F3	0.0	NAD
Source[1]	NAD	Destination[1]	G3	2164.5021645021643	NAD
Source[1]	NAD	Destination[1]	H3	1731.6017316017314	NAD
Source[1]	NAD	Destination[1]	I3	1298.7012987012988	NAD
Source[1]	NAD	Destination[1]	J3	1298.7012987012988	NAD
Source[1]	NAD	Destination[1]	K3	0.0	NAD
Source[1]	NAD	Destination[1]	L3	0.0	NAD
Source[1]	NAD	Destination[1]	M3	0.0	NAD
Source[1]	NAD	Destination[1]	N3	0.0	NAD
Source[1]	NAD	Destination[1]	O3	2164.5021645021643	NAD
Source[1]	NAD	Destination[1]	P3	432.90043290043286	NAD
Source[1]	NAD	Destination[1]	A4	1731.6017316017314	NAD
Source[1]	NAD	Destination[1]	B4	0.0	NAD
Source[1]	NAD	Destination[1]	C4	2164.5021645021643	NAD
Source[1]	NAD	Destination[1]	D4	2164.5021645021643	NAD
Source[1]	NAD	Destination[1]	E4	1298.7012987012988	NAD
Source[1]	NAD	Destination[1]	F4	1731.6017316017314	NAD
Source[1]	NAD	Destination[1]	G4	1731.6017316017314	NAD
Source[1]	NAD	Destination[1]	H4	0.0	NAD
Source[1]	NAD	Destination[1]	I4	1298.7012987012988	NAD
Source[1]	NAD	Destination[1]	J4	2164.5021645021643	NAD
Source[1]	NAD	Destination[1]	K4	432.90043290043286	NAD
Source[1]	NAD	Destination[1]	L4	1298.7012987012988	NAD
Source[1]	NAD	Destination[1]	M4	2164.5021645021643	NAD
Source[1]	NAD	Destination[1]	N4	432.90043290043286	NAD
Source[1]	NAD	Destination[1]	O4	1298.7012987012988	NAD
Source[1]	NAD	Destination[1]	P4	432.90043290043286	NAD
Source[1]	NAD	Destination[1]	A5	0.0	NAD
Source[1]	NAD	Destination[1]	B5	432.90043290043286	NAD
Source[1]	NAD	Destination[1]	C5	0.0	NAD
Source[1]	NAD	Destination[1]	D5	2164.5021645021643	NAD
Source[1]	NAD	Destination[1]	E5	2164.5021645021643	NAD
Source[1]	NAD	Destination[1]	F5	1298.7012987012988	NAD
Source[1]	NAD	Destination[1]	G5	1731.6017316017314	NAD
Source[1]	NAD	Destination[1]	H5	2164.5021645021643	NAD
Source[1]	NAD	Destination[1]	I5	1298.7012987012988	NAD
Source[1]	NAD	Destination[1]	J5	1298.7012987012988	NAD
Source[1]	NAD	Destination[1]	K5	0.0	NAD
Source[1]	NAD	Destination[1]	L5	432.90043290043286	NAD
Source[1]	NAD	Destination[1]	M5	432.90043290043286	NAD
Source[1]	NAD	Destination[1]	N5	1731.6017316017314	NAD
Source[1]	NAD	Destination[1]	O5	2164.5021645021643	NAD
Source[1]	NAD	Destination[1]	P5	432.90043290043286	NAD
Source[1]	NAD	Destination[1]	A6	432.90043290043286	NAD
Source[1]	NAD	Destination[1]	B6	1731.6017316017314	NAD
Source[1]	NAD	Destination[1]	C6	432.90043290043286	NAD
Source[1]	NAD	Destination[1]	D6	1731.6017316017314	NAD
Source[1]	NAD	Destination[1]	E6	2164.5021645021643	NAD
Source[1]	NAD	Destination[1]	F6	1298.7012987012988	NAD
Source[1]	NAD	Destination[1]	G6	432.90043290043286	NAD
Source[1]	NAD	Destination[1]	H6	1298.7012987012988	NAD
Source[1]	NAD	Destination[1]	I6	2164.5021645021643	NAD
Source[1]	NAD	Destination[1]	J6	1731.6017316017314	NAD
Source[1]	NAD	Destination[1]	K6	0.0	NAD
Source[1]	NAD	Destination[1]	L6	2164.5021645021643	NAD
Source[1]	NAD	Destination[1]	M6	0.0	NAD
Source[1]	NAD	Destination[1]	N6	0.0	NAD
Source[1]	NAD	Destination[1]	O6	1731.6017316017314	NAD
Source[1]	NAD	Destination[1]	P6	1298.7012987012988	NAD
Source[1]	NAD	Destination[1]	A7	432.90043290043286	NAD
Source[1]	NAD	Destination[1]	B7	1731.6017316017314	NAD
Source[1]	NAD	Destination[1]	C7	2164.5021645021643	NAD
Source[1]	Folinic acid	Destination[1]	A1	14.00560224089636	Folinic acid
Source[1]	Folinic acid	Destination[1]	B1	14.00560224089636	Folinic acid
Source[1]	Folinic acid	Destination[1]	C1	0.0	Folinic acid
Source[1]	Folinic acid	Destination[1]	D1	0.0	Folinic acid
Source[1]	Folinic acid	Destination[1]	E1	14.00560224089636	Folinic acid
Source[1]	Folinic acid	Destination[1]	F1	14.00560224089636	Folinic acid
Source[1]	Folinic acid	Destination[1]	G1	70.0280112044818	Folinic acid
Source[1]	Folinic acid	Destination[1]	H1	56.02240896358544	Folinic acid
Source[1]	Folinic acid	Destination[1]	I1	56.02240896358544	Folinic acid
Source[1]	Folinic acid	Destination[1]	J1	70.0280112044818	Folinic acid
Source[1]	Folinic acid	Destination[1]	K1	56.02240896358544	Folinic acid
Source[1]	Folinic acid	Destination[1]	L1	0.0	Folinic acid
Source[1]	Folinic acid	Destination[1]	M1	14.00560224089636	Folinic acid
Source[1]	Folinic acid	Destination[1]	N1	0.0	Folinic acid
Source[1]	Folinic acid	Destination[1]	O1	56.02240896358544	Folinic acid
Source[1]	Folinic acid	Destination[1]	P1	56.02240896358544	Folinic acid
Source[1]	Folinic acid	Destination[1]	A2	70.0280112044818	Folinic acid
Source[1]	Folinic acid	Destination[1]	B2	70.0280112044818	Folinic acid
Source[1]	Folinic acid	Destination[1]	C2	42.016806722689076	Folinic acid
Source[1]	Folinic acid	Destination[1]	D2	42.016806722689076	Folinic acid
Source[1]	Folinic acid	Destination[1]	E2	70.0280112044818	Folinic acid
Source[1]	Folinic acid	Destination[1]	F2	56.02240896358544	Folinic acid
Source[1]	Folinic acid	Destination[1]	G2	42.016806722689076	Folinic acid
Source[1]	Folinic acid	Destination[1]	H2	56.02240896358544	Folinic acid
Source[1]	Folinic acid	Destination[1]	I2	0.0	Folinic acid
Source[1]	Folinic acid	Destination[1]	J2	42.016806722689076	Folinic acid
Source[1]	Folinic acid	Destination[1]	K2	14.00560224089636	Folinic acid
Source[1]	Folinic acid	Destination[1]	L2	56.02240896358544	Folinic acid
Source[1]	Folinic acid	Destination[1]	M2	14.00560224089636	Folinic acid
Source[1]	Folinic acid	Destination[1]	N2	70.0280112044818	Folinic acid
Source[1]	Folinic acid	Destination[1]	O2	56.02240896358544	Folinic acid
Source[1]	Folinic acid	Destination[1]	P2	70.0280112044818	Folinic acid
Source[1]	Folinic acid	Destination[1]	A3	42.016806722689076	Folinic acid
Source[1]	Folinic acid	Destination[1]	B3	56.02240896358544	Folinic acid
Source[1]	Folinic acid	Destination[1]	C3	42.016806722689076	Folinic acid
Source[1]	Folinic acid	Destination[1]	D3	70.0280112044818	Folinic acid
Source[1]	Folinic acid	Destination[1]	E3	42.016806722689076	Folinic acid
Source[1]	Folinic acid	Destination[1]	F3	42.016806722689076	Folinic acid
Source[1]	Folinic acid	Destination[1]	G3	70.0280112044818	Folinic acid
Source[1]	Folinic acid	Destination[1]	H3	42.016806722689076	Folinic acid
Source[1]	Folinic acid	Destination[1]	I3	14.00560224089636	Folinic acid
Source[1]	Folinic acid	Destination[1]	J3	70.0280112044818	Folinic acid
Source[1]	Folinic acid	Destination[1]	K3	0.0	Folinic acid
Source[1]	Folinic acid	Destination[1]	L3	14.00560224089636	Folinic acid
Source[1]	Folinic acid	Destination[1]	M3	14.00560224089636	Folinic acid
Source[1]	Folinic acid	Destination[1]	N3	70.0280112044818	Folinic acid
Source[1]	Folinic acid	Destination[1]	O3	56.02240896358544	Folinic acid
Source[1]	Folinic acid	Destination[1]	P3	0.0	Folinic acid
Source[1]	Folinic acid	Destination[1]	A4	14.00560224089636	Folinic acid
Source[1]	Folinic acid	Destination[1]	B4	42.016806722689076	Folinic acid
Source[1]	Folinic acid	Destination[1]	C4	14.00560224089636	Folinic acid
Source[1]	Folinic acid	Destination[1]	D4	14.00560224089636	Folinic acid
Source[1]	Folinic acid	Destination[1]	E4	0.0	Folinic acid
Source[1]	Folinic acid	Destination[1]	F4	0.0	Folinic acid
Source[1]	Folinic acid	Destination[1]	G4	14.00560224089636	Folinic acid
Source[1]	Folinic acid	Destination[1]	H4	0.0	Folinic acid
Source[1]	Folinic acid	Destination[1]	I4	42.016806722689076	Folinic acid
Source[1]	Folinic acid	Destination[1]	J4	42.016806722689076	Folinic acid
Source[1]	Folinic acid	Destination[1]	K4	56.02240896358544	Folinic acid
Source[1]	Folinic acid	Destination[1]	L4	42.016806722689076	Folinic acid
Source[1]	Folinic acid	Destination[1]	M4	14.00560224089636	Folinic acid
Source[1]	Folinic acid	Destination[1]	N4	0.0	Folinic acid
Source[1]	Folinic acid	Destination[1]	O4	70.0280112044818	Folinic acid
Source[1]	Folinic acid	Destination[1]	P4	42.016806722689076	Folinic acid
Source[1]	Folinic acid	Destination[1]	A5	42.016806722689076	Folinic acid
Source[1]	Folinic acid	Destination[1]	B5	42.016806722689076	Folinic acid
Source[1]	Folinic acid	Destination[1]	C5	0.0	Folinic acid
Source[1]	Folinic acid	Destination[1]	D5	70.0280112044818	Folinic acid
Source[1]	Folinic acid	Destination[1]	E5	56.02240896358544	Folinic acid
Source[1]	Folinic acid	Destination[1]	F5	70.0280112044818	Folinic acid
Source[1]	Folinic acid	Destination[1]	G5	0.0	Folinic acid
Source[1]	Folinic acid	Destination[1]	H5	42.016806722689076	Folinic acid
Source[1]	Folinic acid	Destination[1]	I5	42.016806722689076	Folinic acid
Source[1]	Folinic acid	Destination[1]	J5	70.0280112044818	Folinic acid
Source[1]	Folinic acid	Destination[1]	K5	70.0280112044818	Folinic acid
Source[1]	Folinic acid	Destination[1]	L5	70.0280112044818	Folinic acid
Source[1]	Folinic acid	Destination[1]	M5	70.0280112044818	Folinic acid
Source[1]	Folinic acid	Destination[1]	N5	14.00560224089636	Folinic acid
Source[1]	Folinic acid	Destination[1]	O5	14.00560224089636	Folinic acid
Source[1]	Folinic acid	Destination[1]	P5	70.0280112044818	Folinic acid
Source[1]	Folinic acid	Destination[1]	A6	56.02240896358544	Folinic acid
Source[1]	Folinic acid	Destination[1]	B6	0.0	Folinic acid
Source[1]	Folinic acid	Destination[1]	C6	0.0	Folinic acid
Source[1]	Folinic acid	Destination[1]	D6	0.0	Folinic acid
Source[1]	Folinic acid	Destination[1]	E6	0.0	Folinic acid
Source[1]	Folinic acid	Destination[1]	F6	56.02240896358544	Folinic acid
Source[1]	Folinic acid	Destination[1]	G6	56.02240896358544	Folinic acid
Source[1]	Folinic acid	Destination[1]	H6	42.016806722689076	Folinic acid
Source[1]	Folinic acid	Destination[1]	I6	14.00560224089636	Folinic acid
Source[1]	Folinic acid	Destination[1]	J6	56.02240896358544	Folinic acid
Source[1]	Folinic acid	Destination[1]	K6	56.02240896358544	Folinic acid
Source[1]	Folinic acid	Destination[1]	L6	14.00560224089636	Folinic acid
Source[1]	Folinic acid	Destination[1]	M6	14.00560224089636	Folinic acid
Source[1]	Folinic acid	Destination[1]	N6	56.02240896358544	Folinic acid
Source[1]	Folinic acid	Destination[1]	O6	0.0	Folinic acid
Source[1]	Folinic acid	Destination[1]	P6	56.02240896358544	Folinic acid
Source[1]	Folinic acid	Destination[1]	A7	0.0	Folinic acid
Source[1]	Folinic acid	Destination[1]	B7	0.0	Folinic acid
Source[1]	Folinic acid	Destination[1]	C7	70.0280112044818	Folinic acid
Source[1]	Spermidine	Destination[1]	A1	24.761904761904763	Spermidine
Source[1]	Spermidine	Destination[1]	B1	0.0	Spermidine
Source[1]	Spermidine	Destination[1]	C1	24.761904761904763	Spermidine
Source[1]	Spermidine	Destination[1]	D1	18.571428571428573	Spermidine
Source[1]	Spermidine	Destination[1]	E1	30.952380952380953	Spermidine
Source[1]	Spermidine	Destination[1]	F1	6.190476190476191	Spermidine
Source[1]	Spermidine	Destination[1]	G1	6.190476190476191	Spermidine
Source[1]	Spermidine	Destination[1]	H1	6.190476190476191	Spermidine
Source[1]	Spermidine	Destination[1]	I1	30.952380952380953	Spermidine
Source[1]	Spermidine	Destination[1]	J1	0.0	Spermidine
Source[1]	Spermidine	Destination[1]	K1	0.0	Spermidine
Source[1]	Spermidine	Destination[1]	L1	30.952380952380953	Spermidine
Source[1]	Spermidine	Destination[1]	M1	0.0	Spermidine
Source[1]	Spermidine	Destination[1]	N1	0.0	Spermidine
Source[1]	Spermidine	Destination[1]	O1	6.190476190476191	Spermidine
Source[1]	Spermidine	Destination[1]	P1	18.571428571428573	Spermidine
Source[1]	Spermidine	Destination[1]	A2	6.190476190476191	Spermidine
Source[1]	Spermidine	Destination[1]	B2	24.761904761904763	Spermidine
Source[1]	Spermidine	Destination[1]	C2	30.952380952380953	Spermidine
Source[1]	Spermidine	Destination[1]	D2	24.761904761904763	Spermidine
Source[1]	Spermidine	Destination[1]	E2	24.761904761904763	Spermidine
Source[1]	Spermidine	Destination[1]	F2	0.0	Spermidine
Source[1]	Spermidine	Destination[1]	G2	18.571428571428573	Spermidine
Source[1]	Spermidine	Destination[1]	H2	30.952380952380953	Spermidine
Source[1]	Spermidine	Destination[1]	I2	0.0	Spermidine
Source[1]	Spermidine	Destination[1]	J2	30.952380952380953	Spermidine
Source[1]	Spermidine	Destination[1]	K2	0.0	Spermidine
Source[1]	Spermidine	Destination[1]	L2	18.571428571428573	Spermidine
Source[1]	Spermidine	Destination[1]	M2	30.952380952380953	Spermidine
Source[1]	Spermidine	Destination[1]	N2	18.571428571428573	Spermidine
Source[1]	Spermidine	Destination[1]	O2	18.571428571428573	Spermidine
Source[1]	Spermidine	Destination[1]	P2	18.571428571428573	Spermidine
Source[1]	Spermidine	Destination[1]	A3	24.761904761904763	Spermidine
Source[1]	Spermidine	Destination[1]	B3	30.952380952380953	Spermidine
Source[1]	Spermidine	Destination[1]	C3	18.571428571428573	Spermidine
Source[1]	Spermidine	Destination[1]	D3	18.571428571428573	Spermidine
Source[1]	Spermidine	Destination[1]	E3	6.190476190476191	Spermidine
Source[1]	Spermidine	Destination[1]	F3	24.761904761904763	Spermidine
Source[1]	Spermidine	Destination[1]	G3	30.952380952380953	Spermidine
Source[1]	Spermidine	Destination[1]	H3	30.952380952380953	Spermidine
Source[1]	Spermidine	Destination[1]	I3	6.190476190476191	Spermidine
Source[1]	Spermidine	Destination[1]	J3	6.190476190476191	Spermidine
Source[1]	Spermidine	Destination[1]	K3	24.761904761904763	Spermidine
Source[1]	Spermidine	Destination[1]	L3	0.0	Spermidine
Source[1]	Spermidine	Destination[1]	M3	18.571428571428573	Spermidine
Source[1]	Spermidine	Destination[1]	N3	24.761904761904763	Spermidine
Source[1]	Spermidine	Destination[1]	O3	24.761904761904763	Spermidine
Source[1]	Spermidine	Destination[1]	P3	24.761904761904763	Spermidine
Source[1]	Spermidine	Destination[1]	A4	6.190476190476191	Spermidine
Source[1]	Spermidine	Destination[1]	B4	24.761904761904763	Spermidine
Source[1]	Spermidine	Destination[1]	C4	18.571428571428573	Spermidine
Source[1]	Spermidine	Destination[1]	D4	18.571428571428573	Spermidine
Source[1]	Spermidine	Destination[1]	E4	30.952380952380953	Spermidine
Source[1]	Spermidine	Destination[1]	F4	0.0	Spermidine
Source[1]	Spermidine	Destination[1]	G4	6.190476190476191	Spermidine
Source[1]	Spermidine	Destination[1]	H4	30.952380952380953	Spermidine
Source[1]	Spermidine	Destination[1]	I4	30.952380952380953	Spermidine
Source[1]	Spermidine	Destination[1]	J4	18.571428571428573	Spermidine
Source[1]	Spermidine	Destination[1]	K4	0.0	Spermidine
Source[1]	Spermidine	Destination[1]	L4	0.0	Spermidine
Source[1]	Spermidine	Destination[1]	M4	0.0	Spermidine
Source[1]	Spermidine	Destination[1]	N4	30.952380952380953	Spermidine
Source[1]	Spermidine	Destination[1]	O4	24.761904761904763	Spermidine
Source[1]	Spermidine	Destination[1]	P4	30.952380952380953	Spermidine
Source[1]	Spermidine	Destination[1]	A5	18.571428571428573	Spermidine
Source[1]	Spermidine	Destination[1]	B5	24.761904761904763	Spermidine
Source[1]	Spermidine	Destination[1]	C5	6.190476190476191	Spermidine
Source[1]	Spermidine	Destination[1]	D5	0.0	Spermidine
Source[1]	Spermidine	Destination[1]	E5	18.571428571428573	Spermidine
Source[1]	Spermidine	Destination[1]	F5	24.761904761904763	Spermidine
Source[1]	Spermidine	Destination[1]	G5	30.952380952380953	Spermidine
Source[1]	Spermidine	Destination[1]	H5	18.571428571428573	Spermidine
Source[1]	Spermidine	Destination[1]	I5	6.190476190476191	Spermidine
Source[1]	Spermidine	Destination[1]	J5	30.952380952380953	Spermidine
Source[1]	Spermidine	Destination[1]	K5	6.190476190476191	Spermidine
Source[1]	Spermidine	Destination[1]	L5	0.0	Spermidine
Source[1]	Spermidine	Destination[1]	M5	18.571428571428573	Spermidine
Source[1]	Spermidine	Destination[1]	N5	24.761904761904763	Spermidine
Source[1]	Spermidine	Destination[1]	O5	24.761904761904763	Spermidine
Source[1]	Spermidine	Destination[1]	P5	24.761904761904763	Spermidine
Source[1]	Spermidine	Destination[1]	A6	0.0	Spermidine
Source[1]	Spermidine	Destination[1]	B6	24.761904761904763	Spermidine
Source[1]	Spermidine	Destination[1]	C6	6.190476190476191	Spermidine
Source[1]	Spermidine	Destination[1]	D6	6.190476190476191	Spermidine
Source[1]	Spermidine	Destination[1]	E6	18.571428571428573	Spermidine
Source[1]	Spermidine	Destination[1]	F6	0.0	Spermidine
Source[1]	Spermidine	Destination[1]	G6	30.952380952380953	Spermidine
Source[1]	Spermidine	Destination[1]	H6	6.190476190476191	Spermidine
Source[1]	Spermidine	Destination[1]	I6	24.761904761904763	Spermidine
Source[1]	Spermidine	Destination[1]	J6	0.0	Spermidine
Source[1]	Spermidine	Destination[1]	K6	6.190476190476191	Spermidine
Source[1]	Spermidine	Destination[1]	L6	0.0	Spermidine
Source[1]	Spermidine	Destination[1]	M6	6.190476190476191	Spermidine
Source[1]	Spermidine	Destination[1]	N6	6.190476190476191	Spermidine
Source[1]	Spermidine	Destination[1]	O6	18.571428571428573	Spermidine
Source[1]	Spermidine	Destination[1]	P6	30.952380952380953	Spermidine
Source[1]	Spermidine	Destination[1]	A7	30.952380952380953	Spermidine
Source[1]	Spermidine	Destination[1]	B7	6.190476190476191	Spermidine
Source[1]	Spermidine	Destination[1]	C7	0.0	Spermidine
Source[1]	tRNA	Destination[1]	A1	238.0952380952381	tRNA
Source[1]	tRNA	Destination[1]	B1	0.0	tRNA
Source[1]	tRNA	Destination[1]	C1	0.0	tRNA
Source[1]	tRNA	Destination[1]	D1	142.8571428571429	tRNA
Source[1]	tRNA	Destination[1]	E1	47.61904761904762	tRNA
Source[1]	tRNA	Destination[1]	F1	238.0952380952381	tRNA
Source[1]	tRNA	Destination[1]	G1	238.0952380952381	tRNA
Source[1]	tRNA	Destination[1]	H1	190.47619047619048	tRNA
Source[1]	tRNA	Destination[1]	I1	238.0952380952381	tRNA
Source[1]	tRNA	Destination[1]	J1	238.0952380952381	tRNA
Source[1]	tRNA	Destination[1]	K1	142.8571428571429	tRNA
Source[1]	tRNA	Destination[1]	L1	47.61904761904762	tRNA
Source[1]	tRNA	Destination[1]	M1	238.0952380952381	tRNA
Source[1]	tRNA	Destination[1]	N1	0.0	tRNA
Source[1]	tRNA	Destination[1]	O1	0.0	tRNA
Source[1]	tRNA	Destination[1]	P1	190.47619047619048	tRNA
Source[1]	tRNA	Destination[1]	A2	47.61904761904762	tRNA
Source[1]	tRNA	Destination[1]	B2	238.0952380952381	tRNA
Source[1]	tRNA	Destination[1]	C2	47.61904761904762	tRNA
Source[1]	tRNA	Destination[1]	D2	142.8571428571429	tRNA
Source[1]	tRNA	Destination[1]	E2	0.0	tRNA
Source[1]	tRNA	Destination[1]	F2	47.61904761904762	tRNA
Source[1]	tRNA	Destination[1]	G2	0.0	tRNA
Source[1]	tRNA	Destination[1]	H2	238.0952380952381	tRNA
Source[1]	tRNA	Destination[1]	I2	47.61904761904762	tRNA
Source[1]	tRNA	Destination[1]	J2	238.0952380952381	tRNA
Source[1]	tRNA	Destination[1]	K2	0.0	tRNA
Source[1]	tRNA	Destination[1]	L2	142.8571428571429	tRNA
Source[1]	tRNA	Destination[1]	M2	238.0952380952381	tRNA
Source[1]	tRNA	Destination[1]	N2	190.47619047619048	tRNA
Source[1]	tRNA	Destination[1]	O2	47.61904761904762	tRNA
Source[1]	tRNA	Destination[1]	P2	142.8571428571429	tRNA
Source[1]	tRNA	Destination[1]	A3	190.47619047619048	tRNA
Source[1]	tRNA	Destination[1]	B3	142.8571428571429	tRNA
Source[1]	tRNA	Destination[1]	C3	190.47619047619048	tRNA
Source[1]	tRNA	Destination[1]	D3	47.61904761904762	tRNA
Source[1]	tRNA	Destination[1]	E3	190.47619047619048	tRNA
Source[1]	tRNA	Destination[1]	F3	142.8571428571429	tRNA
Source[1]	tRNA	Destination[1]	G3	142.8571428571429	tRNA
Source[1]	tRNA	Destination[1]	H3	190.47619047619048	tRNA
Source[1]	tRNA	Destination[1]	I3	238.0952380952381	tRNA
Source[1]	tRNA	Destination[1]	J3	142.8571428571429	tRNA
Source[1]	tRNA	Destination[1]	K3	190.47619047619048	tRNA
Source[1]	tRNA	Destination[1]	L3	190.47619047619048	tRNA
Source[1]	tRNA	Destination[1]	M3	0.0	tRNA
Source[1]	tRNA	Destination[1]	N3	142.8571428571429	tRNA
Source[1]	tRNA	Destination[1]	O3	0.0	tRNA
Source[1]	tRNA	Destination[1]	P3	190.47619047619048	tRNA
Source[1]	tRNA	Destination[1]	A4	238.0952380952381	tRNA
Source[1]	tRNA	Destination[1]	B4	0.0	tRNA
Source[1]	tRNA	Destination[1]	C4	0.0	tRNA
Source[1]	tRNA	Destination[1]	D4	47.61904761904762	tRNA
Source[1]	tRNA	Destination[1]	E4	0.0	tRNA
Source[1]	tRNA	Destination[1]	F4	190.47619047619048	tRNA
Source[1]	tRNA	Destination[1]	G4	190.47619047619048	tRNA
Source[1]	tRNA	Destination[1]	H4	0.0	tRNA
Source[1]	tRNA	Destination[1]	I4	190.47619047619048	tRNA
Source[1]	tRNA	Destination[1]	J4	190.47619047619048	tRNA
Source[1]	tRNA	Destination[1]	K4	47.61904761904762	tRNA
Source[1]	tRNA	Destination[1]	L4	47.61904761904762	tRNA
Source[1]	tRNA	Destination[1]	M4	0.0	tRNA
Source[1]	tRNA	Destination[1]	N4	0.0	tRNA
Source[1]	tRNA	Destination[1]	O4	142.8571428571429	tRNA
Source[1]	tRNA	Destination[1]	P4	142.8571428571429	tRNA
Source[1]	tRNA	Destination[1]	A5	47.61904761904762	tRNA
Source[1]	tRNA	Destination[1]	B5	190.47619047619048	tRNA
Source[1]	tRNA	Destination[1]	C5	238.0952380952381	tRNA
Source[1]	tRNA	Destination[1]	D5	238.0952380952381	tRNA
Source[1]	tRNA	Destination[1]	E5	0.0	tRNA
Source[1]	tRNA	Destination[1]	F5	47.61904761904762	tRNA
Source[1]	tRNA	Destination[1]	G5	238.0952380952381	tRNA
Source[1]	tRNA	Destination[1]	H5	238.0952380952381	tRNA
Source[1]	tRNA	Destination[1]	I5	47.61904761904762	tRNA
Source[1]	tRNA	Destination[1]	J5	47.61904761904762	tRNA
Source[1]	tRNA	Destination[1]	K5	0.0	tRNA
Source[1]	tRNA	Destination[1]	L5	47.61904761904762	tRNA
Source[1]	tRNA	Destination[1]	M5	190.47619047619048	tRNA
Source[1]	tRNA	Destination[1]	N5	190.47619047619048	tRNA
Source[1]	tRNA	Destination[1]	O5	238.0952380952381	tRNA
Source[1]	tRNA	Destination[1]	P5	142.8571428571429	tRNA
Source[1]	tRNA	Destination[1]	A6	0.0	tRNA
Source[1]	tRNA	Destination[1]	B6	142.8571428571429	tRNA
Source[1]	tRNA	Destination[1]	C6	190.47619047619048	tRNA
Source[1]	tRNA	Destination[1]	D6	47.61904761904762	tRNA
Source[1]	tRNA	Destination[1]	E6	0.0	tRNA
Source[1]	tRNA	Destination[1]	F6	238.0952380952381	tRNA
Source[1]	tRNA	Destination[1]	G6	190.47619047619048	tRNA
Source[1]	tRNA	Destination[1]	H6	47.61904761904762	tRNA
Source[1]	tRNA	Destination[1]	I6	142.8571428571429	tRNA
Source[1]	tRNA	Destination[1]	J6	190.47619047619048	tRNA
Source[1]	tRNA	Destination[1]	K6	142.8571428571429	tRNA
Source[1]	tRNA	Destination[1]	L6	47.61904761904762	tRNA
Source[1]	tRNA	Destination[1]	M6	238.0952380952381	tRNA
Source[1]	tRNA	Destination[1]	N6	47.61904761904762	tRNA
Source[1]	tRNA	Destination[1]	O6	142.8571428571429	tRNA
Source[1]	tRNA	Destination[1]	P6	142.8571428571429	tRNA
Source[1]	tRNA	Destination[1]	A7	142.8571428571429	tRNA
Source[1]	tRNA	Destination[1]	B7	238.0952380952381	tRNA
Source[1]	tRNA	Destination[1]	C7	0.0	tRNA
Source[1]	Amino acids	Destination[1]	A1	833.3333333333335	Amino acids
Source[1]	Amino acids	Destination[1]	B1	166.66666666666669	Amino acids
Source[1]	Amino acids	Destination[1]	C1	833.3333333333335	Amino acids
Source[1]	Amino acids	Destination[1]	D1	666.6666666666667	Amino acids
Source[1]	Amino acids	Destination[1]	E1	666.6666666666667	Amino acids
Source[1]	Amino acids	Destination[1]	F1	666.6666666666667	Amino acids
Source[1]	Amino acids	Destination[1]	G1	666.6666666666667	Amino acids
Source[1]	Amino acids	Destination[1]	H1	833.3333333333335	Amino acids
Source[1]	Amino acids	Destination[1]	I1	500.00000000000006	Amino acids
Source[1]	Amino acids	Destination[1]	J1	0.0	Amino acids
Source[1]	Amino acids	Destination[1]	K1	0.0	Amino acids
Source[1]	Amino acids	Destination[1]	L1	833.3333333333335	Amino acids
Source[1]	Amino acids	Destination[1]	M1	666.6666666666667	Amino acids
Source[1]	Amino acids	Destination[1]	N1	500.00000000000006	Amino acids
Source[1]	Amino acids	Destination[1]	O1	833.3333333333335	Amino acids
Source[1]	Amino acids	Destination[1]	P1	0.0	Amino acids
Source[1]	Amino acids	Destination[1]	A2	500.00000000000006	Amino acids
Source[1]	Amino acids	Destination[1]	B2	833.3333333333335	Amino acids
Source[1]	Amino acids	Destination[1]	C2	166.66666666666669	Amino acids
Source[1]	Amino acids	Destination[1]	D2	0.0	Amino acids
Source[1]	Amino acids	Destination[1]	E2	666.6666666666667	Amino acids
Source[1]	Amino acids	Destination[1]	F2	833.3333333333335	Amino acids
Source[1]	Amino acids	Destination[1]	G2	666.6666666666667	Amino acids
Source[1]	Amino acids	Destination[1]	H2	833.3333333333335	Amino acids
Source[1]	Amino acids	Destination[1]	I2	500.00000000000006	Amino acids
Source[1]	Amino acids	Destination[1]	J2	0.0	Amino acids
Source[1]	Amino acids	Destination[1]	K2	666.6666666666667	Amino acids
Source[1]	Amino acids	Destination[1]	L2	0.0	Amino acids
Source[1]	Amino acids	Destination[1]	M2	166.66666666666669	Amino acids
Source[1]	Amino acids	Destination[1]	N2	500.00000000000006	Amino acids
Source[1]	Amino acids	Destination[1]	O2	500.00000000000006	Amino acids
Source[1]	Amino acids	Destination[1]	P2	0.0	Amino acids
Source[1]	Amino acids	Destination[1]	A3	166.66666666666669	Amino acids
Source[1]	Amino acids	Destination[1]	B3	833.3333333333335	Amino acids
Source[1]	Amino acids	Destination[1]	C3	500.00000000000006	Amino acids
Source[1]	Amino acids	Destination[1]	D3	166.66666666666669	Amino acids
Source[1]	Amino acids	Destination[1]	E3	833.3333333333335	Amino acids
Source[1]	Amino acids	Destination[1]	F3	833.3333333333335	Amino acids
Source[1]	Amino acids	Destination[1]	G3	0.0	Amino acids
Source[1]	Amino acids	Destination[1]	H3	666.6666666666667	Amino acids
Source[1]	Amino acids	Destination[1]	I3	666.6666666666667	Amino acids
Source[1]	Amino acids	Destination[1]	J3	833.3333333333335	Amino acids
Source[1]	Amino acids	Destination[1]	K3	0.0	Amino acids
Source[1]	Amino acids	Destination[1]	L3	500.00000000000006	Amino acids
Source[1]	Amino acids	Destination[1]	M3	500.00000000000006	Amino acids
Source[1]	Amino acids	Destination[1]	N3	166.66666666666669	Amino acids
Source[1]	Amino acids	Destination[1]	O3	500.00000000000006	Amino acids
Source[1]	Amino acids	Destination[1]	P3	833.3333333333335	Amino acids
Source[1]	Amino acids	Destination[1]	A4	666.6666666666667	Amino acids
Source[1]	Amino acids	Destination[1]	B4	0.0	Amino acids
Source[1]	Amino acids	Destination[1]	C4	166.66666666666669	Amino acids
Source[1]	Amino acids	Destination[1]	D4	500.00000000000006	Amino acids
Source[1]	Amino acids	Destination[1]	E4	166.66666666666669	Amino acids
Source[1]	Amino acids	Destination[1]	F4	666.6666666666667	Amino acids
Source[1]	Amino acids	Destination[1]	G4	166.66666666666669	Amino acids
Source[1]	Amino acids	Destination[1]	H4	0.0	Amino acids
Source[1]	Amino acids	Destination[1]	I4	0.0	Amino acids
Source[1]	Amino acids	Destination[1]	J4	666.6666666666667	Amino acids
Source[1]	Amino acids	Destination[1]	K4	0.0	Amino acids
Source[1]	Amino acids	Destination[1]	L4	166.66666666666669	Amino acids
Source[1]	Amino acids	Destination[1]	M4	500.00000000000006	Amino acids
Source[1]	Amino acids	Destination[1]	N4	833.3333333333335	Amino acids
Source[1]	Amino acids	Destination[1]	O4	666.6666666666667	Amino acids
Source[1]	Amino acids	Destination[1]	P4	833.3333333333335	Amino acids
Source[1]	Amino acids	Destination[1]	A5	833.3333333333335	Amino acids
Source[1]	Amino acids	Destination[1]	B5	0.0	Amino acids
Source[1]	Amino acids	Destination[1]	C5	666.6666666666667	Amino acids
Source[1]	Amino acids	Destination[1]	D5	166.66666666666669	Amino acids
Source[1]	Amino acids	Destination[1]	E5	0.0	Amino acids
Source[1]	Amino acids	Destination[1]	F5	833.3333333333335	Amino acids
Source[1]	Amino acids	Destination[1]	G5	0.0	Amino acids
Source[1]	Amino acids	Destination[1]	H5	166.66666666666669	Amino acids
Source[1]	Amino acids	Destination[1]	I5	166.66666666666669	Amino acids
Source[1]	Amino acids	Destination[1]	J5	500.00000000000006	Amino acids
Source[1]	Amino acids	Destination[1]	K5	0.0	Amino acids
Source[1]	Amino acids	Destination[1]	L5	833.3333333333335	Amino acids
Source[1]	Amino acids	Destination[1]	M5	166.66666666666669	Amino acids
Source[1]	Amino acids	Destination[1]	N5	166.66666666666669	Amino acids
Source[1]	Amino acids	Destination[1]	O5	500.00000000000006	Amino acids
Source[1]	Amino acids	Destination[1]	P5	0.0	Amino acids
Source[1]	Amino acids	Destination[1]	A6	666.6666666666667	Amino acids
Source[1]	Amino acids	Destination[1]	B6	0.0	Amino acids
Source[1]	Amino acids	Destination[1]	C6	833.3333333333335	Amino acids
Source[1]	Amino acids	Destination[1]	D6	666.6666666666667	Amino acids
Source[1]	Amino acids	Destination[1]	E6	0.0	Amino acids
Source[1]	Amino acids	Destination[1]	F6	166.66666666666669	Amino acids
Source[1]	Amino acids	Destination[1]	G6	500.00000000000006	Amino acids
Source[1]	Amino acids	Destination[1]	H6	166.66666666666669	Amino acids
Source[1]	Amino acids	Destination[1]	I6	500.00000000000006	Amino acids
Source[1]	Amino acids	Destination[1]	J6	500.00000000000006	Amino acids
Source[1]	Amino acids	Destination[1]	K6	833.3333333333335	Amino acids
Source[1]	Amino acids	Destination[1]	L6	666.6666666666667	Amino acids
Source[1]	Amino acids	Destination[1]	M6	166.66666666666669	Amino acids
Source[1]	Amino acids	Destination[1]	N6	666.6666666666667	Amino acids
Source[1]	Amino acids	Destination[1]	O6	500.00000000000006	Amino acids
Source[1]	Amino acids	Destination[1]	P6	500.00000000000006	Amino acids
Source[1]	Amino acids	Destination[1]	A7	666.6666666666667	Amino acids
Source[1]	Amino acids	Destination[1]	B7	166.66666666666669	Amino acids
Source[1]	Amino acids	Destination[1]	C7	166.66666666666669	Amino acids
Source[1]	Extract	Destination[1]	A1	2000.0	Extract
Source[1]	Extract	Destination[1]	B1	0.0	Extract
Source[1]	Extract	Destination[1]	C1	3333.3333333333326	Extract
Source[1]	Extract	Destination[1]	D1	2666.666666666666	Extract
Source[1]	Extract	Destination[1]	E1	3333.3333333333326	Extract
Source[1]	Extract	Destination[1]	F1	0.0	Extract
Source[1]	Extract	Destination[1]	G1	2000.0	Extract
Source[1]	Extract	Destination[1]	H1	0.0	Extract
Source[1]	Extract	Destination[1]	I1	666.6666666666665	Extract
Source[1]	Extract	Destination[1]	J1	2666.666666666666	Extract
Source[1]	Extract	Destination[1]	K1	2000.0	Extract
Source[1]	Extract	Destination[1]	L1	666.6666666666665	Extract
Source[1]	Extract	Destination[1]	M1	2000.0	Extract
Source[1]	Extract	Destination[1]	N1	666.6666666666665	Extract
Source[1]	Extract	Destination[1]	O1	2000.0	Extract
Source[1]	Extract	Destination[1]	P1	3333.3333333333326	Extract
Source[1]	Extract	Destination[1]	A2	666.6666666666665	Extract
Source[1]	Extract	Destination[1]	B2	2000.0	Extract
Source[1]	Extract	Destination[1]	C2	0.0	Extract
Source[1]	Extract	Destination[1]	D2	3333.3333333333326	Extract
Source[1]	Extract	Destination[1]	E2	666.6666666666665	Extract
Source[1]	Extract	Destination[1]	F2	0.0	Extract
Source[1]	Extract	Destination[1]	G2	3333.3333333333326	Extract
Source[1]	Extract	Destination[1]	H2	3333.3333333333326	Extract
Source[1]	Extract	Destination[1]	I2	666.6666666666665	Extract
Source[1]	Extract	Destination[1]	J2	3333.3333333333326	Extract
Source[1]	Extract	Destination[1]	K2	2666.666666666666	Extract
Source[1]	Extract	Destination[1]	L2	3333.3333333333326	Extract
Source[1]	Extract	Destination[1]	M2	0.0	Extract
Source[1]	Extract	Destination[1]	N2	2000.0	Extract
Source[1]	Extract	Destination[1]	O2	0.0	Extract
Source[1]	Extract	Destination[1]	P2	2000.0	Extract
Source[1]	Extract	Destination[1]	A3	0.0	Extract
Source[1]	Extract	Destination[1]	B3	666.6666666666665	Extract
Source[1]	Extract	Destination[1]	C3	2666.666666666666	Extract
Source[1]	Extract	Destination[1]	D3	666.6666666666665	Extract
Source[1]	Extract	Destination[1]	E3	3333.3333333333326	Extract
Source[1]	Extract	Destination[1]	F3	3333.3333333333326	Extract
Source[1]	Extract	Destination[1]	G3	2000.0	Extract
Source[1]	Extract	Destination[1]	H3	3333.3333333333326	Extract
Source[1]	Extract	Destination[1]	I3	0.0	Extract
Source[1]	Extract	Destination[1]	J3	0.0	Extract
Source[1]	Extract	Destination[1]	K3	2000.0	Extract
Source[1]	Extract	Destination[1]	L3	2666.666666666666	Extract
Source[1]	Extract	Destination[1]	M3	2000.0	Extract
Source[1]	Extract	Destination[1]	N3	0.0	Extract
Source[1]	Extract	Destination[1]	O3	2000.0	Extract
Source[1]	Extract	Destination[1]	P3	2000.0	Extract
Source[1]	Extract	Destination[1]	A4	0.0	Extract
Source[1]	Extract	Destination[1]	B4	3333.3333333333326	Extract
Source[1]	Extract	Destination[1]	C4	2666.666666666666	Extract
Source[1]	Extract	Destination[1]	D4	2666.666666666666	Extract
Source[1]	Extract	Destination[1]	E4	2666.666666666666	Extract
Source[1]	Extract	Destination[1]	F4	3333.3333333333326	Extract
Source[1]	Extract	Destination[1]	G4	3333.3333333333326	Extract
Source[1]	Extract	Destination[1]	H4	2666.666666666666	Extract
Source[1]	Extract	Destination[1]	I4	2666.666666666666	Extract
Source[1]	Extract	Destination[1]	J4	2666.666666666666	Extract
Source[1]	Extract	Destination[1]	K4	666.6666666666665	Extract
Source[1]	Extract	Destination[1]	L4	2666.666666666666	Extract
Source[1]	Extract	Destination[1]	M4	2666.666666666666	Extract
Source[1]	Extract	Destination[1]	N4	2666.666666666666	Extract
Source[1]	Extract	Destination[1]	O4	3333.3333333333326	Extract
Source[1]	Extract	Destination[1]	P4	0.0	Extract
Source[1]	Extract	Destination[1]	A5	666.6666666666665	Extract
Source[1]	Extract	Destination[1]	B5	2666.666666666666	Extract
Source[1]	Extract	Destination[1]	C5	2000.0	Extract
Source[1]	Extract	Destination[1]	D5	2666.666666666666	Extract
Source[1]	Extract	Destination[1]	E5	666.6666666666665	Extract
Source[1]	Extract	Destination[1]	F5	666.6666666666665	Extract
Source[1]	Extract	Destination[1]	G5	3333.3333333333326	Extract
Source[1]	Extract	Destination[1]	H5	666.6666666666665	Extract
Source[1]	Extract	Destination[1]	I5	0.0	Extract
Source[1]	Extract	Destination[1]	J5	2666.666666666666	Extract
Source[1]	Extract	Destination[1]	K5	0.0	Extract
Source[1]	Extract	Destination[1]	L5	2000.0	Extract
Source[1]	Extract	Destination[1]	M5	0.0	Extract
Source[1]	Extract	Destination[1]	N5	2666.666666666666	Extract
Source[1]	Extract	Destination[1]	O5	2000.0	Extract
Source[1]	Extract	Destination[1]	P5	3333.3333333333326	Extract
Source[1]	Extract	Destination[1]	A6	0.0	Extract
Source[1]	Extract	Destination[1]	B6	666.6666666666665	Extract
Source[1]	Extract	Destination[1]	C6	3333.3333333333326	Extract
Source[1]	Extract	Destination[1]	D6	666.6666666666665	Extract
Source[1]	Extract	Destination[1]	E6	666.6666666666665	Extract
Source[1]	Extract	Destination[1]	F6	666.6666666666665	Extract
Source[1]	Extract	Destination[1]	G6	3333.3333333333326	Extract
Source[1]	Extract	Destination[1]	H6	2666.666666666666	Extract
Source[1]	Extract	Destination[1]	I6	0.0	Extract
Source[1]	Extract	Destination[1]	J6	2000.0	Extract
Source[1]	Extract	Destination[1]	K6	3333.3333333333326	Extract
Source[1]	Extract	Destination[1]	L6	2000.0	Extract
Source[1]	Extract	Destination[1]	M6	666.6666666666665	Extract
Source[1]	Extract	Destination[1]	N6	666.6666666666665	Extract
Source[1]	Extract	Destination[1]	O6	666.6666666666665	Extract
Source[1]	Extract	Destination[1]	P6	2666.666666666666	Extract
Source[1]	Extract	Destination[1]	A7	2000.0	Extract
Source[1]	Extract	Destination[1]	B7	0.0	Extract
Source[1]	Extract	Destination[1]	C7	0.0	Extract
Source[1]	HEPES	Destination[1]	A1	85.71428571428572	HEPES
Source[1]	HEPES	Destination[1]	B1	0.0	HEPES
Source[1]	HEPES	Destination[1]	C1	85.71428571428572	HEPES
Source[1]	HEPES	Destination[1]	D1	28.57142857142857	HEPES
Source[1]	HEPES	Destination[1]	E1	85.71428571428572	HEPES
Source[1]	HEPES	Destination[1]	F1	28.57142857142857	HEPES
Source[1]	HEPES	Destination[1]	G1	142.85714285714283	HEPES
Source[1]	HEPES	Destination[1]	H1	114.28571428571428	HEPES
Source[1]	HEPES	Destination[1]	I1	85.71428571428572	HEPES
Source[1]	HEPES	Destination[1]	J1	0.0	HEPES
Source[1]	HEPES	Destination[1]	K1	28.57142857142857	HEPES
Source[1]	HEPES	Destination[1]	L1	114.28571428571428	HEPES
Source[1]	HEPES	Destination[1]	M1	0.0	HEPES
Source[1]	HEPES	Destination[1]	N1	85.71428571428572	HEPES
Source[1]	HEPES	Destination[1]	O1	0.0	HEPES
Source[1]	HEPES	Destination[1]	P1	142.85714285714283	HEPES
Source[1]	HEPES	Destination[1]	A2	0.0	HEPES
Source[1]	HEPES	Destination[1]	B2	0.0	HEPES
Source[1]	HEPES	Destination[1]	C2	142.85714285714283	HEPES
Source[1]	HEPES	Destination[1]	D2	142.85714285714283	HEPES
Source[1]	HEPES	Destination[1]	E2	85.71428571428572	HEPES
Source[1]	HEPES	Destination[1]	F2	28.57142857142857	HEPES
Source[1]	HEPES	Destination[1]	G2	114.28571428571428	HEPES
Source[1]	HEPES	Destination[1]	H2	114.28571428571428	HEPES
Source[1]	HEPES	Destination[1]	I2	28.57142857142857	HEPES
Source[1]	HEPES	Destination[1]	J2	0.0	HEPES
Source[1]	HEPES	Destination[1]	K2	85.71428571428572	HEPES
Source[1]	HEPES	Destination[1]	L2	114.28571428571428	HEPES
Source[1]	HEPES	Destination[1]	M2	0.0	HEPES
Source[1]	HEPES	Destination[1]	N2	85.71428571428572	HEPES
Source[1]	HEPES	Destination[1]	O2	0.0	HEPES
Source[1]	HEPES	Destination[1]	P2	142.85714285714283	HEPES
Source[1]	HEPES	Destination[1]	A3	114.28571428571428	HEPES
Source[1]	HEPES	Destination[1]	B3	28.57142857142857	HEPES
Source[1]	HEPES	Destination[1]	C3	142.85714285714283	HEPES
Source[1]	HEPES	Destination[1]	D3	85.71428571428572	HEPES
Source[1]	HEPES	Destination[1]	E3	85.71428571428572	HEPES
Source[1]	HEPES	Destination[1]	F3	85.71428571428572	HEPES
Source[1]	HEPES	Destination[1]	G3	85.71428571428572	HEPES
Source[1]	HEPES	Destination[1]	H3	142.85714285714283	HEPES
Source[1]	HEPES	Destination[1]	I3	114.28571428571428	HEPES
Source[1]	HEPES	Destination[1]	J3	0.0	HEPES
Source[1]	HEPES	Destination[1]	K3	28.57142857142857	HEPES
Source[1]	HEPES	Destination[1]	L3	142.85714285714283	HEPES
Source[1]	HEPES	Destination[1]	M3	85.71428571428572	HEPES
Source[1]	HEPES	Destination[1]	N3	28.57142857142857	HEPES
Source[1]	HEPES	Destination[1]	O3	114.28571428571428	HEPES
Source[1]	HEPES	Destination[1]	P3	0.0	HEPES
Source[1]	HEPES	Destination[1]	A4	85.71428571428572	HEPES
Source[1]	HEPES	Destination[1]	B4	0.0	HEPES
Source[1]	HEPES	Destination[1]	C4	142.85714285714283	HEPES
Source[1]	HEPES	Destination[1]	D4	0.0	HEPES
Source[1]	HEPES	Destination[1]	E4	114.28571428571428	HEPES
Source[1]	HEPES	Destination[1]	F4	0.0	HEPES
Source[1]	HEPES	Destination[1]	G4	28.57142857142857	HEPES
Source[1]	HEPES	Destination[1]	H4	142.85714285714283	HEPES
Source[1]	HEPES	Destination[1]	I4	28.57142857142857	HEPES
Source[1]	HEPES	Destination[1]	J4	114.28571428571428	HEPES
Source[1]	HEPES	Destination[1]	K4	28.57142857142857	HEPES
Source[1]	HEPES	Destination[1]	L4	28.57142857142857	HEPES
Source[1]	HEPES	Destination[1]	M4	142.85714285714283	HEPES
Source[1]	HEPES	Destination[1]	N4	142.85714285714283	HEPES
Source[1]	HEPES	Destination[1]	O4	85.71428571428572	HEPES
Source[1]	HEPES	Destination[1]	P4	28.57142857142857	HEPES
Source[1]	HEPES	Destination[1]	A5	114.28571428571428	HEPES
Source[1]	HEPES	Destination[1]	B5	114.28571428571428	HEPES
Source[1]	HEPES	Destination[1]	C5	114.28571428571428	HEPES
Source[1]	HEPES	Destination[1]	D5	0.0	HEPES
Source[1]	HEPES	Destination[1]	E5	114.28571428571428	HEPES
Source[1]	HEPES	Destination[1]	F5	28.57142857142857	HEPES
Source[1]	HEPES	Destination[1]	G5	0.0	HEPES
Source[1]	HEPES	Destination[1]	H5	28.57142857142857	HEPES
Source[1]	HEPES	Destination[1]	I5	0.0	HEPES
Source[1]	HEPES	Destination[1]	J5	142.85714285714283	HEPES
Source[1]	HEPES	Destination[1]	K5	28.57142857142857	HEPES
Source[1]	HEPES	Destination[1]	L5	114.28571428571428	HEPES
Source[1]	HEPES	Destination[1]	M5	0.0	HEPES
Source[1]	HEPES	Destination[1]	N5	142.85714285714283	HEPES
Source[1]	HEPES	Destination[1]	O5	85.71428571428572	HEPES
Source[1]	HEPES	Destination[1]	P5	0.0	HEPES
Source[1]	HEPES	Destination[1]	A6	142.85714285714283	HEPES
Source[1]	HEPES	Destination[1]	B6	142.85714285714283	HEPES
Source[1]	HEPES	Destination[1]	C6	114.28571428571428	HEPES
Source[1]	HEPES	Destination[1]	D6	0.0	HEPES
Source[1]	HEPES	Destination[1]	E6	85.71428571428572	HEPES
Source[1]	HEPES	Destination[1]	F6	85.71428571428572	HEPES
Source[1]	HEPES	Destination[1]	G6	114.28571428571428	HEPES
Source[1]	HEPES	Destination[1]	H6	114.28571428571428	HEPES
Source[1]	HEPES	Destination[1]	I6	28.57142857142857	HEPES
Source[1]	HEPES	Destination[1]	J6	28.57142857142857	HEPES
Source[1]	HEPES	Destination[1]	K6	142.85714285714283	HEPES
Source[1]	HEPES	Destination[1]	L6	114.28571428571428	HEPES
Source[1]	HEPES	Destination[1]	M6	85.71428571428572	HEPES
Source[1]	HEPES	Destination[1]	N6	28.57142857142857	HEPES
Source[1]	HEPES	Destination[1]	O6	142.85714285714283	HEPES
Source[1]	HEPES	Destination[1]	P6	142.85714285714283	HEPES
Source[1]	HEPES	Destination[1]	A7	114.28571428571428	HEPES
Source[1]	HEPES	Destination[1]	B7	28.57142857142857	HEPES
Source[1]	HEPES	Destination[1]	C7	142.85714285714283	HEPES
Source[1]	GOI-DNA	Destination[1]	A1	0.0	GOI-DNA
Source[1]	GOI-DNA	Destination[1]	B1	0.0	GOI-DNA
Source[1]	GOI-DNA	Destination[1]	C1	0.0	GOI-DNA
Source[1]	GOI-DNA	Destination[1]	D1	0.0	GOI-DNA
Source[1]	GOI-DNA	Destination[1]	E1	0.0	GOI-DNA
Source[1]	GOI-DNA	Destination[1]	F1	0.0	GOI-DNA
Source[1]	GOI-DNA	Destination[1]	G1	0.0	GOI-DNA
Source[1]	GOI-DNA	Destination[1]	H1	0.0	GOI-DNA
Source[1]	GOI-DNA	Destination[1]	I1	0.0	GOI-DNA
Source[1]	GOI-DNA	Destination[1]	J1	0.0	GOI-DNA
Source[1]	GOI-DNA	Destination[1]	K1	0.0	GOI-DNA
Source[1]	GOI-DNA	Destination[1]	L1	0.0	GOI-DNA
Source[1]	GOI-DNA	Destination[1]	M1	0.0	GOI-DNA
Source[1]	GOI-DNA	Destination[1]	N1	0.0	GOI-DNA
Source[1]	GOI-DNA	Destination[1]	O1	0.0	GOI-DNA
Source[1]	GOI-DNA	Destination[1]	P1	0.0	GOI-DNA
Source[1]	GOI-DNA	Destination[1]	A2	0.0	GOI-DNA
Source[1]	GOI-DNA	Destination[1]	B2	0.0	GOI-DNA
Source[1]	GOI-DNA	Destination[1]	C2	0.0	GOI-DNA
Source[1]	GOI-DNA	Destination[1]	D2	0.0	GOI-DNA
Source[1]	GOI-DNA	Destination[1]	E2	0.0	GOI-DNA
Source[1]	GOI-DNA	Destination[1]	F2	0.0	GOI-DNA
Source[1]	GOI-DNA	Destination[1]	G2	0.0	GOI-DNA
Source[1]	GOI-DNA	Destination[1]	H2	0.0	GOI-DNA
Source[1]	GOI-DNA	Destination[1]	I2	0.0	GOI-DNA
Source[1]	GOI-DNA	Destination[1]	J2	0.0	GOI-DNA
Source[1]	GOI-DNA	Destination[1]	K2	0.0	GOI-DNA
Source[1]	GOI-DNA	Destination[1]	L2	0.0	GOI-DNA
Source[1]	GOI-DNA	Destination[1]	M2	0.0	GOI-DNA
Source[1]	GOI-DNA	Destination[1]	N2	0.0	GOI-DNA
Source[1]	GOI-DNA	Destination[1]	O2	0.0	GOI-DNA
Source[1]	GOI-DNA	Destination[1]	P2	0.0	GOI-DNA
Source[1]	GOI-DNA	Destination[1]	A3	0.0	GOI-DNA
Source[1]	GOI-DNA	Destination[1]	B3	0.0	GOI-DNA
Source[1]	GOI-DNA	Destination[1]	C3	0.0	GOI-DNA
Source[1]	GOI-DNA	Destination[1]	D3	0.0	GOI-DNA
Source[1]	GOI-DNA	Destination[1]	E3	0.0	GOI-DNA
Source[1]	GOI-DNA	Destination[1]	F3	0.0	GOI-DNA
Source[1]	GOI-DNA	Destination[1]	G3	0.0	GOI-DNA
Source[1]	GOI-DNA	Destination[1]	H3	0.0	GOI-DNA
Source[1]	GOI-DNA	Destination[1]	I3	0.0	GOI-DNA
Source[1]	GOI-DNA	Destination[1]	J3	0.0	GOI-DNA
Source[1]	GOI-DNA	Destination[1]	K3	0.0	GOI-DNA
Source[1]	GOI-DNA	Destination[1]	L3	0.0	GOI-DNA
Source[1]	GOI-DNA	Destination[1]	M3	0.0	GOI-DNA
Source[1]	GOI-DNA	Destination[1]	N3	0.0	GOI-DNA
Source[1]	GOI-DNA	Destination[1]	O3	0.0	GOI-DNA
Source[1]	GOI-DNA	Destination[1]	P3	0.0	GOI-DNA
Source[1]	GOI-DNA	Destination[1]	A4	0.0	GOI-DNA
Source[1]	GOI-DNA	Destination[1]	B4	0.0	GOI-DNA
Source[1]	GOI-DNA	Destination[1]	C4	0.0	GOI-DNA
Source[1]	GOI-DNA	Destination[1]	D4	0.0	GOI-DNA
Source[1]	GOI-DNA	Destination[1]	E4	0.0	GOI-DNA
Source[1]	GOI-DNA	Destination[1]	F4	0.0	GOI-DNA
Source[1]	GOI-DNA	Destination[1]	G4	0.0	GOI-DNA
Source[1]	GOI-DNA	Destination[1]	H4	0.0	GOI-DNA
Source[1]	GOI-DNA	Destination[1]	I4	0.0	GOI-DNA
Source[1]	GOI-DNA	Destination[1]	J4	0.0	GOI-DNA
Source[1]	GOI-DNA	Destination[1]	K4	0.0	GOI-DNA
Source[1]	GOI-DNA	Destination[1]	L4	0.0	GOI-DNA
Source[1]	GOI-DNA	Destination[1]	M4	0.0	GOI-DNA
Source[1]	GOI-DNA	Destination[1]	N4	0.0	GOI-DNA
Source[1]	GOI-DNA	Destination[1]	O4	0.0	GOI-DNA
Source[1]	GOI-DNA	Destination[1]	P4	0.0	GOI-DNA
Source[1]	GOI-DNA	Destination[1]	A5	0.0	GOI-DNA
Source[1]	GOI-DNA	Destination[1]	B5	0.0	GOI-DNA
Source[1]	GOI-DNA	Destination[1]	C5	0.0	GOI-DNA
Source[1]	GOI-DNA	Destination[1]	D5	0.0	GOI-DNA
Source[1]	GOI-DNA	Destination[1]	E5	0.0	GOI-DNA
Source[1]	GOI-DNA	Destination[1]	F5	0.0	GOI-DNA
Source[1]	GOI-DNA	Destination[1]	G5	0.0	GOI-DNA
Source[1]	GOI-DNA	Destination[1]	H5	0.0	GOI-DNA
Source[1]	GOI-DNA	Destination[1]	I5	0.0	GOI-DNA
Source[1]	GOI-DNA	Destination[1]	J5	0.0	GOI-DNA
Source[1]	GOI-DNA	Destination[1]	K5	0.0	GOI-DNA
Source[1]	GOI-DNA	Destination[1]	L5	0.0	GOI-DNA
Source[1]	GOI-DNA	Destination[1]	M5	0.0	GOI-DNA
Source[1]	GOI-DNA	Destination[1]	N5	0.0	GOI-DNA
Source[1]	GOI-DNA	Destination[1]	O5	0.0	GOI-DNA
Source[1]	GOI-DNA	Destination[1]	P5	0.0	GOI-DNA
Source[1]	GOI-DNA	Destination[1]	A6	0.0	GOI-DNA
Source[1]	GOI-DNA	Destination[1]	B6	0.0	GOI-DNA
Source[1]	GOI-DNA	Destination[1]	C6	0.0	GOI-DNA
Source[1]	GOI-DNA	Destination[1]	D6	0.0	GOI-DNA
Source[1]	GOI-DNA	Destination[1]	E6	0.0	GOI-DNA
Source[1]	GOI-DNA	Destination[1]	F6	0.0	GOI-DNA
Source[1]	GOI-DNA	Destination[1]	G6	0.0	GOI-DNA
Source[1]	GOI-DNA	Destination[1]	H6	0.0	GOI-DNA
Source[1]	GOI-DNA	Destination[1]	I6	0.0	GOI-DNA
Source[1]	GOI-DNA	Destination[1]	J6	0.0	GOI-DNA
Source[1]	GOI-DNA	Destination[1]	K6	0.0	GOI-DNA
Source[1]	GOI-DNA	Destination[1]	L6	0.0	GOI-DNA
Source[1]	GOI-DNA	Destination[1]	M6	0.0	GOI-DNA
Source[1]	GOI-DNA	Destination[1]	N6	0.0	GOI-DNA
Source[1]	GOI-DNA	Destination[1]	O6	0.0	GOI-DNA
Source[1]	GOI-DNA	Destination[1]	P6	0.0	GOI-DNA
Source[1]	GOI-DNA	Destination[1]	A7	0.0	GOI-DNA
Source[1]	GOI-DNA	Destination[1]	B7	0.0	GOI-DNA
Source[1]	GOI-DNA	Destination[1]	C7	0.0	GOI-DNA
Source[1]	GFP-DNA	Destination[1]	A1	0.0	GFP-DNA
Source[1]	GFP-DNA	Destination[1]	B1	0.0	GFP-DNA
Source[1]	GFP-DNA	Destination[1]	C1	0.0	GFP-DNA
Source[1]	GFP-DNA	Destination[1]	D1	0.0	GFP-DNA
Source[1]	GFP-DNA	Destination[1]	E1	0.0	GFP-DNA
Source[1]	GFP-DNA	Destination[1]	F1	0.0	GFP-DNA
Source[1]	GFP-DNA	Destination[1]	G1	0.0	GFP-DNA
Source[1]	GFP-DNA	Destination[1]	H1	0.0	GFP-DNA
Source[1]	GFP-DNA	Destination[1]	I1	0.0	GFP-DNA
Source[1]	GFP-DNA	Destination[1]	J1	0.0	GFP-DNA
Source[1]	GFP-DNA	Destination[1]	K1	0.0	GFP-DNA
Source[1]	GFP-DNA	Destination[1]	L1	0.0	GFP-DNA
Source[1]	GFP-DNA	Destination[1]	M1	0.0	GFP-DNA
Source[1]	GFP-DNA	Destination[1]	N1	0.0	GFP-DNA
Source[1]	GFP-DNA	Destination[1]	O1	0.0	GFP-DNA
Source[1]	GFP-DNA	Destination[1]	P1	0.0	GFP-DNA
Source[1]	GFP-DNA	Destination[1]	A2	0.0	GFP-DNA
Source[1]	GFP-DNA	Destination[1]	B2	0.0	GFP-DNA
Source[1]	GFP-DNA	Destination[1]	C2	0.0	GFP-DNA
Source[1]	GFP-DNA	Destination[1]	D2	0.0	GFP-DNA
Source[1]	GFP-DNA	Destination[1]	E2	0.0	GFP-DNA
Source[1]	GFP-DNA	Destination[1]	F2	0.0	GFP-DNA
Source[1]	GFP-DNA	Destination[1]	G2	0.0	GFP-DNA
Source[1]	GFP-DNA	Destination[1]	H2	0.0	GFP-DNA
Source[1]	GFP-DNA	Destination[1]	I2	0.0	GFP-DNA
Source[1]	GFP-DNA	Destination[1]	J2	0.0	GFP-DNA
Source[1]	GFP-DNA	Destination[1]	K2	0.0	GFP-DNA
Source[1]	GFP-DNA	Destination[1]	L2	0.0	GFP-DNA
Source[1]	GFP-DNA	Destination[1]	M2	0.0	GFP-DNA
Source[1]	GFP-DNA	Destination[1]	N2	0.0	GFP-DNA
Source[1]	GFP-DNA	Destination[1]	O2	0.0	GFP-DNA
Source[1]	GFP-DNA	Destination[1]	P2	0.0	GFP-DNA
Source[1]	GFP-DNA	Destination[1]	A3	0.0	GFP-DNA
Source[1]	GFP-DNA	Destination[1]	B3	0.0	GFP-DNA
Source[1]	GFP-DNA	Destination[1]	C3	0.0	GFP-DNA
Source[1]	GFP-DNA	Destination[1]	D3	0.0	GFP-DNA
Source[1]	GFP-DNA	Destination[1]	E3	0.0	GFP-DNA
Source[1]	GFP-DNA	Destination[1]	F3	0.0	GFP-DNA
Source[1]	GFP-DNA	Destination[1]	G3	0.0	GFP-DNA
Source[1]	GFP-DNA	Destination[1]	H3	0.0	GFP-DNA
Source[1]	GFP-DNA	Destination[1]	I3	0.0	GFP-DNA
Source[1]	GFP-DNA	Destination[1]	J3	0.0	GFP-DNA
Source[1]	GFP-DNA	Destination[1]	K3	0.0	GFP-DNA
Source[1]	GFP-DNA	Destination[1]	L3	0.0	GFP-DNA
Source[1]	GFP-DNA	Destination[1]	M3	0.0	GFP-DNA
Source[1]	GFP-DNA	Destination[1]	N3	0.0	GFP-DNA
Source[1]	GFP-DNA	Destination[1]	O3	0.0	GFP-DNA
Source[1]	GFP-DNA	Destination[1]	P3	0.0	GFP-DNA
Source[1]	GFP-DNA	Destination[1]	A4	0.0	GFP-DNA
Source[1]	GFP-DNA	Destination[1]	B4	0.0	GFP-DNA
Source[1]	GFP-DNA	Destination[1]	C4	0.0	GFP-DNA
Source[1]	GFP-DNA	Destination[1]	D4	0.0	GFP-DNA
Source[1]	GFP-DNA	Destination[1]	E4	0.0	GFP-DNA
Source[1]	GFP-DNA	Destination[1]	F4	0.0	GFP-DNA
Source[1]	GFP-DNA	Destination[1]	G4	0.0	GFP-DNA
Source[1]	GFP-DNA	Destination[1]	H4	0.0	GFP-DNA
Source[1]	GFP-DNA	Destination[1]	I4	0.0	GFP-DNA
Source[1]	GFP-DNA	Destination[1]	J4	0.0	GFP-DNA
Source[1]	GFP-DNA	Destination[1]	K4	0.0	GFP-DNA
Source[1]	GFP-DNA	Destination[1]	L4	0.0	GFP-DNA
Source[1]	GFP-DNA	Destination[1]	M4	0.0	GFP-DNA
Source[1]	GFP-DNA	Destination[1]	N4	0.0	GFP-DNA
Source[1]	GFP-DNA	Destination[1]	O4	0.0	GFP-DNA
Source[1]	GFP-DNA	Destination[1]	P4	0.0	GFP-DNA
Source[1]	GFP-DNA	Destination[1]	A5	0.0	GFP-DNA
Source[1]	GFP-DNA	Destination[1]	B5	0.0	GFP-DNA
Source[1]	GFP-DNA	Destination[1]	C5	0.0	GFP-DNA
Source[1]	GFP-DNA	Destination[1]	D5	0.0	GFP-DNA
Source[1]	GFP-DNA	Destination[1]	E5	0.0	GFP-DNA
Source[1]	GFP-DNA	Destination[1]	F5	0.0	GFP-DNA
Source[1]	GFP-DNA	Destination[1]	G5	0.0	GFP-DNA
Source[1]	GFP-DNA	Destination[1]	H5	0.0	GFP-DNA
Source[1]	GFP-DNA	Destination[1]	I5	0.0	GFP-DNA
Source[1]	GFP-DNA	Destination[1]	J5	0.0	GFP-DNA
Source[1]	GFP-DNA	Destination[1]	K5	0.0	GFP-DNA
Source[1]	GFP-DNA	Destination[1]	L5	0.0	GFP-DNA
Source[1]	GFP-DNA	Destination[1]	M5	0.0	GFP-DNA
Source[1]	GFP-DNA	Destination[1]	N5	0.0	GFP-DNA
Source[1]	GFP-DNA	Destination[1]	O5	0.0	GFP-DNA
Source[1]	GFP-DNA	Destination[1]	P5	0.0	GFP-DNA
Source[1]	GFP-DNA	Destination[1]	A6	0.0	GFP-DNA
Source[1]	GFP-DNA	Destination[1]	B6	0.0	GFP-DNA
Source[1]	GFP-DNA	Destination[1]	C6	0.0	GFP-DNA
Source[1]	GFP-DNA	Destination[1]	D6	0.0	GFP-DNA
Source[1]	GFP-DNA	Destination[1]	E6	0.0	GFP-DNA
Source[1]	GFP-DNA	Destination[1]	F6	0.0	GFP-DNA
Source[1]	GFP-DNA	Destination[1]	G6	0.0	GFP-DNA
Source[1]	GFP-DNA	Destination[1]	H6	0.0	GFP-DNA
Source[1]	GFP-DNA	Destination[1]	I6	0.0	GFP-DNA
Source[1]	GFP-DNA	Destination[1]	J6	0.0	GFP-DNA
Source[1]	GFP-DNA	Destination[1]	K6	0.0	GFP-DNA
Source[1]	GFP-DNA	Destination[1]	L6	0.0	GFP-DNA
Source[1]	GFP-DNA	Destination[1]	M6	0.0	GFP-DNA
Source[1]	GFP-DNA	Destination[1]	N6	0.0	GFP-DNA
Source[1]	GFP-DNA	Destination[1]	O6	0.0	GFP-DNA
Source[1]	GFP-DNA	Destination[1]	P6	0.0	GFP-DNA
Source[1]	GFP-DNA	Destination[1]	A7	0.0	GFP-DNA
Source[1]	GFP-DNA	Destination[1]	B7	0.0	GFP-DNA
Source[1]	GFP-DNA	Destination[1]	C7	0.0	GFP-DNA
Source[1]	Water	Destination[1]	A1	5024.165393430099	Water
Source[1]	Water	Destination[1]	B1	6603.873185637893	Water
Source[1]	Water	Destination[1]	C1	3454.545454545456	Water
Source[1]	Water	Destination[1]	D1	4984.837662337663	Water
Source[1]	Water	Destination[1]	E1	4293.732492997199	Water
Source[1]	Water	Destination[1]	F1	6016.178380443087	Water
Source[1]	Water	Destination[1]	G1	5651.952508276037	Water
Source[1]	Water	Destination[1]	H1	6206.185383244207	Water
Source[1]	Water	Destination[1]	I1	4643.403997962822	Water
Source[1]	Water	Destination[1]	J1	3750.27501909855	Water
Source[1]	Water	Destination[1]	K1	5264.161573720397	Water
Source[1]	Water	Destination[1]	L1	6813.452380952381	Water
Source[1]	Water	Destination[1]	M1	4430.745480010186	Water
Source[1]	Water	Destination[1]	N1	4822.759740259741	Water
Source[1]	Water	Destination[1]	O1	3987.3001018589257	Water
Source[1]	Water	Destination[1]	P1	3468.9667685255927	Water
Source[1]	Water	Destination[1]	A2	6775.047746371276	Water
Source[1]	Water	Destination[1]	B2	3873.965495289024	Water
Source[1]	Water	Destination[1]	C2	6363.210466004584	Water
Source[1]	Water	Destination[1]	D2	4872.615227909346	Water
Source[1]	Water	Destination[1]	E2	7203.662464985994	Water
Source[1]	Water	Destination[1]	F2	7418.220015278839	Water
Source[1]	Water	Destination[1]	G2	3491.305704099822	Water
Source[1]	Water	Destination[1]	H2	4739.810924369748	Water
Source[1]	Water	Destination[1]	I2	5149.30735930736	Water
Source[1]	Water	Destination[1]	J2	6140.3641456582645	Water
Source[1]	Water	Destination[1]	K2	5474.1653934301	Water
Source[1]	Water	Destination[1]	L2	3453.923478482303	Water
Source[1]	Water	Destination[1]	M2	6066.135090399797	Water
Source[1]	Water	Destination[1]	N2	5430.523936847467	Water
Source[1]	Water	Destination[1]	O2	6370.352049910874	Water
Source[1]	Water	Destination[1]	P2	5079.917876241405	Water
Source[1]	Water	Destination[1]	A3	7456.543799337917	Water
Source[1]	Water	Destination[1]	B3	4957.137764196589	Water
Source[1]	Water	Destination[1]	C3	5513.177998472116	Water
Source[1]	Water	Destination[1]	D3	7909.019607843137	Water
Source[1]	Water	Destination[1]	E3	5194.649859943978	Water
Source[1]	Water	Destination[1]	F3	4177.387955182073	Water
Source[1]	Water	Destination[1]	G3	4197.969824293355	Water
Source[1]	Water	Destination[1]	H3	2067.4528902470083	Water
Source[1]	Water	Destination[1]	I3	7286.816908581614	Water
Source[1]	Water	Destination[1]	J3	6713.770690094219	Water
Source[1]	Water	Destination[1]	K3	6639.523809523809	Water
Source[1]	Water	Destination[1]	L3	5456.827731092437	Water
Source[1]	Water	Destination[1]	M3	7067.422969187675	Water
Source[1]	Water	Destination[1]	N3	8128.662464985994	Water
Source[1]	Water	Destination[1]	O3	4931.856378915202	Water
Source[1]	Water	Destination[1]	P3	6315.670995670996	Water
Source[1]	Water	Destination[1]	A4	5882.845047109754	Water
Source[1]	Water	Destination[1]	B4	5030.007002801121	Water
Source[1]	Water	Destination[1]	C4	4223.873185637893	Water
Source[1]	Water	Destination[1]	D4	3726.1350903997973	Water
Source[1]	Water	Destination[1]	E4	4294.751082251082	Water
Source[1]	Water	Destination[1]	F4	3164.5887445887456	Water
Source[1]	Water	Destination[1]	G4	3306.7736185383264	Water
Source[1]	Water	Destination[1]	H4	5696.190476190477	Water
Source[1]	Water	Destination[1]	I4	4889.639037433156	Water
Source[1]	Water	Destination[1]	J4	2677.290552584671	Water
Source[1]	Water	Destination[1]	K4	7430.720015278839	Water
Source[1]	Water	Destination[1]	L4	4896.543799337917	Water
Source[1]	Water	Destination[1]	M4	3559.7065189712257	Water
Source[1]	Water	Destination[1]	N4	5195.194805194806	Water
Source[1]	Water	Destination[1]	O4	3204.1278329513634	Water
Source[1]	Water	Destination[1]	P4	7207.939903234021	Water
Source[1]	Water	Destination[1]	A5	6790.364145658263	Water
Source[1]	Water	Destination[1]	B5	5189.368474662592	Water
Source[1]	Water	Destination[1]	C5	5976.190476190476	Water
Source[1]	Water	Destination[1]	D5	3127.731729055259	Water
Source[1]	Water	Destination[1]	E5	6155.546855105678	Water
Source[1]	Water	Destination[1]	F5	5993.651642475172	Water
Source[1]	Water	Destination[1]	G5	3446.612554112555	Water
Source[1]	Water	Destination[1]	H5	6481.576266870385	Water
Source[1]	Water	Destination[1]	I5	7232.496180290298	Water
Source[1]	Water	Destination[1]	J5	3463.7706900942194	Water
Source[1]	Water	Destination[1]	K5	8942.233893557423	Water
Source[1]	Water	Destination[1]	L5	5597.071555895084	Water
Source[1]	Water	Destination[1]	M5	7694.095365418894	Water
Source[1]	Water	Destination[1]	N5	4231.654570919278	Water
Source[1]	Water	Destination[1]	O5	4767.206518971226	Water
Source[1]	Water	Destination[1]	P5	5126.714413037943	Water
Source[1]	Water	Destination[1]	A6	7337.2676343264575	Water
Source[1]	Water	Destination[1]	B6	6727.5649350649355	Water
Source[1]	Water	Destination[1]	C6	4439.0043290043295	Water
Source[1]	Water	Destination[1]	D6	5050.422077922078	Water
Source[1]	Water	Destination[1]	E6	5460.378787878789	Water
Source[1]	Water	Destination[1]	F6	6608.490578049401	Water
Source[1]	Water	Destination[1]	G6	5128.696205755029	Water
Source[1]	Water	Destination[1]	H6	5014.996180290298	Water
Source[1]	Water	Destination[1]	I6	6870.182709447416	Water
Source[1]	Water	Destination[1]	J6	4929.637764196588	Water
Source[1]	Water	Destination[1]	K6	4443.977591036415	Water
Source[1]	Water	Destination[1]	L6	4616.730328495034	Water
Source[1]	Water	Destination[1]	M6	7945.637254901961	Water
Source[1]	Water	Destination[1]	N6	7677.906162464986	Water
Source[1]	Water	Destination[1]	O6	5681.374458874459	Water
Source[1]	Water	Destination[1]	P6	4118.60962566845	Water
Source[1]	Water	Destination[1]	A7	6314.361471861472	Water
Source[1]	Water	Destination[1]	B7	6459.82683982684	Water
Source[1]	Water	Destination[1]	C7	5542.255538579067	Water
